row ID,row m/z,row retention time,Af-T,Af-L,Af-F,Af-B,Ah-L,Ahv-T,Ah-T,Ah-F,Ahv-F,Ahv-T,Ahv-L,Aj-B,Aj-L,Aj-T,Aj-F
BioactivityGlucosidase,NA,NA,7.47,12.29,6.8,8.48,100,100,69.55,100,7.33,100,29.84,100,23.36,100,100
1,521.2015,5.8094,94356.46559,1309.902808,2473.208147,165738.529,5294.440152,187542.9919,48039.90882,1133.142265,23826.38372,62358.31766,6208.370414,55591.92146,12169.41935,35885.26184,443.9682152
2,313.1421,7.1964,56500.42225,3480.599078,3442.19533,156224.9143,9836.52617,28637.06209,30208.92459,962.3373106,10211.38025,55928.916,4905.908239,22283.08425,7707.610286,21243.22235,2466.478297
3,191.0525,0.8311,84356.66516,89122.17053,11819.55489,74792.17662,164211.6796,11677.33633,34998.10277,593.1454111,148587.8241,90628.91442,128688.1654,11425.45916,116888.0003,92118.64791,173002.3475
4,485.3616,20.9064,87234.56531,945.145,21064.14375,32355.46857,453.6797168,2624.751558,42.9,56.42,423.395,40.75,1862.750638,2637.281714,829.6499207,736.3935535,2549.058406
5,377.0837,0.8187,56431.05059,20685.25007,6329.259898,17404.01768,19671.68204,14004.95733,29182.5387,13846.26453,7040.106182,14207.72173,9909.642141,6239.29673,8432.20784,8685.557409,1775.124723
6,183.0267,3.2085,31665.117,67687.18227,33395.56172,54163.82988,45148.89717,5256.47179,14845.90264,22368.50979,134800.606,7690.377819,102677.4912,18686.4929,65531.98438,63667.95164,6526.768188
7,533.3835,19.8615,68480.79422,21301.97408,9972.351621,26211.16553,47.75,0,0,43.42,2268.092292,154.8879016,998.2919171,912.390451,1114.181794,630.0692529,1036.990297
8,951.4056,5.8065,38392.3901,0,0,105594.0091,27.228,51460.25663,4190.374706,0,497.5650957,35875.90399,0,32838.62187,222.867,1576.920643,0
9,475.1955,5.8095,44416.92363,420.8366633,742.2921912,76302.20675,1571.245788,83444.47037,13774.25809,152.7086151,8660.093896,28446.01529,4554.105846,26657.04137,4948.624046,8278.044483,47.565
10,169.0112,1.5212,86664.39963,54303.56387,53816.882,71325.58779,6371.587188,520.0351504,4740.929422,11358.05372,79574.46524,3137.934626,96211.92837,1418.3975,49854.33023,9103.332895,1871.687114
11,293.1157,10.0546,35647.25919,14888.19871,22114.4542,26865.33247,43300.90521,87951.65282,66059.03357,32069.70886,37721.42575,162551.6032,48861.70961,127187.4527,73230.34185,173156.4576,23327.83116
12,975.7719,19.8133,50317.86891,0,0,0,0,0,0,0,0,0,0,0,0,0,0
13,661.4321,18.8244,35355.24047,36798.16641,1884.503066,57096.11398,0,122.46,0,29.715,147.99,146.26,146.5313434,3880.628811,108.9,236.6582108,0
14,617.3858,18.177,77068.3366,253.9199426,661.6228711,2984.148721,64.63,569.3022711,11912.77928,1190.056553,441.1440527,40521.85054,89.1,26606.49469,119.21,11112.32441,86.19
15,205.032,1.686,36499.48728,10660.12786,11415.80776,16189.20773,19711.1389,4526.401929,10081.79115,11533.2215,3452.377263,15226.06799,5800.598174,7005.371844,5415.698467,10547.25811,31310.04361
16,507.222,7.1446,32131.86509,609.404,1604.946352,37145.14317,7384.719256,11871.09486,14351.12745,373.6374421,6556.435664,15431.83662,23465.20481,8090.305995,5133.721828,28331.21006,2079.598495
17,447.0551,5.1219,22446.03908,28941.36239,13975.88128,75550.35861,12882.46985,2513.42235,33835.11766,5652.8047,59068.53496,5421.865742,13158.77523,21225.40044,21269.66936,20176.14212,4329.778901
18,587.3041,19.87,38146.56516,70698.50523,3999.046439,8913.537363,72.79,93.09,166.5179517,549.9545471,28.99,165.22,206.235,2713.362241,139.2677759,1148.321994,204.465
19,633.3784,14.7425,36234.15637,883.7394869,648.9514,15722.03398,37.214,292.069175,2180.730922,207.2319639,105.758,131.2965,67.115,971.9867321,40.4055,2345.046522,92.854
20,215.0299,0.816,28545.45441,37692.85802,5533.931313,15306.27537,5232.098242,13975.3694,9077.16477,1070.913124,7731.642474,11853.38239,14958.23634,9542.973096,13205.31268,10802.08665,1661.976373
21,585.2885,20.8916,28439.34867,167.43,2568.744058,23866.15113,61.5,910.8239526,48,410.7211621,533.295,159.11,472.64,433.1856299,816.6861035,758.1662036,5265.348857
22,691.443,18.5762,25566.54439,120749.4553,1369.032137,22251.4302,54.39,80.8,31.185,30.66,21.24,126.795,791.96,775.8419653,218.04,78.75,26.04
23,751.4638,19.4828,22104.89063,109692.7216,12568.31076,45018.81307,45.38006317,38.07,38,0,43.36,100.625,3172.787583,2501.75217,352.1013391,62.64,60.4
24,299.0535,10.6847,26568.19234,99854.69594,1769.422,9617.856911,223.3875,33.2385,386.2,129.1575,268.068,49.7925,1680.031513,252.0885,1379.274955,291.0867429,1504.430265
25,721.4544,20.5023,27681.47656,511.0224365,886.7385303,21126.71663,0,0,0,0,0,192.85,0,138.125,194.6223962,0,0
26,455.351,17.1966,60108.99219,15639.88629,18457.84178,82324.90047,9007.267301,77698.42172,44159.5082,674.7376801,14264.41403,70117.87891,11829.97587,117004.5206,22520.14656,76439.67816,3889.503953
27,315.0116,5.7338,53953.28012,5648.515711,89182.90082,30852.96628,3567.619785,559.1565,6775.771676,22658.92854,9645.078469,1252.6425,8746.726365,3235.339606,10791.80586,7490.444656,3021.780799
28,300.9963,4.5124,63424.06401,11675.08578,71085.10027,21811.39733,13758.46271,1951.321723,9783.020861,59631.67129,93422.42785,1097.206969,13420.39892,1945.795295,20938.71,20471.07786,6202.987675
29,709.4539,17.388,46571.45585,66588.63719,7133.23957,29066.61834,50.29882904,82.08,0,0,42.735,147.08,3959.133593,973.5945845,476.0622046,135.1503125,33.81
30,431.1903,3.6684,13600.1075,52909.54359,2014.743906,19374.42802,19408.57538,98182.27447,160091.0775,468.2035048,4662.474867,43868.39681,66331.13917,58792.23758,33086.78135,45070.98756,11258.89544
31,587.3047,25.8738,18353.86354,0,0,0,0,0,0,0,0,0,0,0,0,0,0
32,435.1279,5.9198,30822.02949,7030.407382,927.4734068,16513.85379,189.2165,1252.979,608.2830436,68.863,278.3773669,1812.557035,105.8621135,2852.978057,1974.906386,4846.475847,232.2930206
33,133.0112,0.8715,22099.56525,9422.69542,3566.358253,17338.07252,16824.795,1768.278,11221.71074,1108.133055,1650.879,4422.539657,3551.865963,443.2382781,1003.3375,11173.48271,18164.0073
34,482.0403,3.4947,13477.67881,5236.886,4232.557661,76501.0148,76.221,62.216,40.862,945.0362933,8754.587385,27.081,582.3973297,27.794,1934.020701,62.513,19.116
35,491.2113,6.4347,9784.181,5831.532247,3728.059741,15690.6241,161.112,83.31274275,1210.678177,69.875,65.1175,0,117.3489336,4750.354632,454.4635974,2204.513221,679.8135981
36,353.0848,2.9775,10634.58966,15014.51316,1207.883365,14392.06037,50977.69819,524.4047181,511.7373384,73.073,356.3115,2289.545,15158.24286,282.0039902,1545.494107,1171.866469,623.5775173
37,329.231,8.5422,14054.83082,11896.49497,2532.005296,23343.80236,16371.9689,9259.221609,6317.917473,2458.27875,196.813,5603.362386,8452.160101,9396.548231,4101.869512,10541.27184,11164.67394
38,371.1173,0.8108,25268.75639,10945.24592,799.179,15966.50974,10859.54089,4298.486188,4272.05808,57.414,8637.536617,9051.374948,6972.222001,3140.684633,6865.604803,9365.794102,3809.85338
39,481.0609,0.8674,16679.83669,11397.22077,61768.45205,19593.02877,38.93,369.608,512.9079739,13563.00834,127753.6434,47.175,14340.11313,301.3006017,18008.51056,863.2185343,0
40,503.1772,5.4517,24572.50713,4397.010259,3322.486846,8260.076534,5187.237316,3644.140746,7847.107385,37.513,430.066998,3438.665314,574.815811,13241.9936,9896.83617,12638.34067,818.6858939
41,431.3156,20.1717,20091.25336,0,0,0,0,0,0,0,0,0,0,0,0,0,0
42,377.1783,5.2486,23086.13374,3467.91581,1209.555502,7771.166764,515.288174,829.8431237,1144.048,0,331.4702898,8490.408158,1402.161256,496.42,860.1560852,3802.455406,1214.565868
43,795.4118,13.0414,14071.97576,670.3840724,7954.812412,18282.95831,15.821,230.109,55.862,0,32.95169998,66.548,16.9785,959.1387162,137.6755,317.6565059,46.48
44,403.1586,4.6688,13144.95763,709.0321333,88.4155,13235.90988,2209.487702,312.882,23495.33497,20.961,97.032,1553.322821,80.76,4969.318537,1580.527411,15783.16599,2518.147693
45,501.3574,17.2335,13738.26563,1072.414739,7851.042334,5986.245884,844.5562097,12002.12613,19034.79805,27080.17824,8742.393545,29760.90625,939.8424609,14457.44517,6619.529224,12375.32152,19534.95738
46,301.0698,8.0139,17428.45169,46254.42602,3762.198229,12427.82195,0,47.601,46.51171518,35.4,62.341,16.86,412.0841771,665.8510107,246.3765,157.099,250.1157363
47,337.0904,3.7516,10232.98333,6846.692797,233.6275187,14094.04198,12372.3599,11663.68535,5737.209621,110.3605,1635.089847,34957.34014,3490.88612,137.1023215,6887.547575,10323.26491,4223.890049
48,509.2232,4.8707,16893.12027,2010.447398,764.0683828,11501.99466,2219.233889,6538.703062,9120.890437,96.4845,759.4430023,12040.05328,4161.87139,2716.600713,14039.24075,11555.97642,809.6651335
49,681.2968,18.5431,12289.48154,12671.87031,13583.50781,8102.814482,6264.32,11409.65522,0,151.84,21924.40748,16224.53663,27352.59918,30567.15881,15191.94902,28370.24914,26321.0243
50,471.3464,21.4964,19514.74316,423.375,339,14427.72111,1807.358152,4154.495962,115.985,2711.708812,546.7061438,4060.801831,805.5160876,24512.12398,6711.064736,10823.51321,8472.394536
51,315.1582,6.5355,8355.730307,190.4645,846.7204502,7314.970277,469.582,2659.67025,13470.37655,274.0318542,3786.386329,19334.55919,440.5145821,7746.452957,318.996981,6891.103946,24.0155
52,315.0698,1.9734,14805.41063,6442.145411,1077.697677,5785.801045,6110.30003,7677.566546,23313.64242,497.7495636,6726.571785,12105.19976,2353.383451,8073.26515,1744.025138,13871.87523,1514.907396
53,605.405,17.112,11394.6213,9948.952354,0,6741.283594,0,0,0,0,0,0,0,0,0,0,0
54,341.1071,0.7927,16167.36613,17103.18783,1922.758523,18712.57697,16750.79062,11729.45714,9513.379074,3386.707791,2252.012931,9736.348073,4375.989,6180.574085,2556.352,8912.822601,1850.104999
55,305.064,2.0916,24112.02305,0,0,21641.60769,0,0,0,0,0,0,0,0,0,0,0
56,513.3582,15.6741,10229.92994,212.3464143,983.4404653,9303.47476,45.08402145,2411.573418,280.6962463,23.352,26.652,3973.207835,16.389,956.9246975,31.401,241.6282739,52.54
57,272.9557,0.6774,7002.444625,7608.341316,5253.615618,10590.78487,6822.896367,1131.111853,1718.003197,628.1562031,5293.395356,1215.878029,5752.634599,386.6820833,12717.76717,3509.962705,216.9490901
58,517.3904,19.8135,9173.415938,1227.372666,2015.532161,4245.897905,0,50.25,56.58,36.63,103.2367859,68.845,71.36,292.0499954,99.40305908,75.5615625,60.2
59,179.053,0.7901,16499.55443,35392.00411,6713.901328,36542.22862,14967.75234,13565.3175,14870.00489,1533.173923,14577.36927,6693.03232,12043.68821,9708.246844,9583.488,22534.74334,7376.313431
60,433.0587,1.6796,7853.456016,2553.092384,2436.503157,10320.02359,6512.803978,704.1287986,4024.259212,3500.826814,131.8427524,3156.573479,2471.46583,473.2613957,839.201084,1704.69798,11502.89992
61,633.0738,3.5159,8687.534963,9975.421468,22255.214,11150.64669,482.2921345,629.5708474,99.19,10960.77021,46464.73134,18.648,29160.46472,35.121,167044.3986,872.8011414,47.948
62,129.0161,1.4023,17774.64909,6088.977341,2493.920923,3284.481867,3982.580992,2642.1965,3161.857518,2373.035491,4425.167881,6254.764446,4485.047961,2711.117979,1828.457897,4187.806546,4531.801028
63,461.2169,7.1399,8834.715889,184.855795,278.9832704,24479.62542,3591.703508,5232.644658,2551.970219,50.3805,5432.237485,5667.740378,15608.10371,4325.184161,2778.284065,5981.167304,376.0055
64,721.3655,12.5143,5602.952712,25932.81942,275.9130415,7600.165031,67168.92133,3513.420481,15276.18487,69.116,5431.152594,9521.870229,29262.63728,260.377674,19726.9117,8912.725418,8995.699481
65,523.2173,5.4668,13938.07717,325.0445,301.857,11298.64143,661.9359178,20750.80663,8277.601877,66.096,611.868,5944.273696,3042.138576,12696.52175,270.0205,5094.169303,206.3150876
66,761.3583,18.8296,8233.972852,8745.872949,67.27,10264.05121,56.32,0,0,0,0,22.155,34.65,204.3753577,77.58,0,83.4
67,111.0056,1.6734,7397.310088,4488.405712,4932.34953,6184.965113,11129.99378,2200.360597,6839.013916,7138.522416,777.4007502,7201.524525,5021.568663,3160.251274,2293.835886,4974.409967,13402.13751
68,567.2077,5.369,10236.63723,842.9429465,281.4812688,8481.773014,4631.922734,17079.73857,5842.390078,236.9568892,1721.560671,9379.131129,7540.013065,3053.742111,794.3994572,2442.538017,171.086
69,603.4057,18.6511,8536.446445,474.1427069,176.445,3201.338413,5284.854873,29983.38794,68768.53937,144.2781702,1304.610797,56504.21797,1180.612938,39945.16726,371.015,18453.51449,423.5410651
70,627.2081,6.5904,8079.327637,24.2295,51.84,13749.53693,77.235,217.9575,111.733673,39.072,592.193,357.4199417,119.6705,94.371,968.5359736,254.7495234,50.127
71,491.1897,5.2373,11618.67958,57.4035,37.686,7970.213911,2629.508007,35740.32816,22766.64097,118.9690444,3598.415475,42439.6665,2737.751731,21901.15467,1841.506881,12173.772,202.432
72,723.3826,13.5063,8113.67543,10284.02622,331.7384865,11656.58279,32508.00127,8313.98182,28274.27952,0,1010.466849,23530.21411,10204.07332,3479.335268,16085.50377,10174.30679,1115.19903
73,317.0466,1.4055,14595.70081,5463.679163,1032.406305,3032.527651,4472.747147,1729.203483,2349.818534,1413.471,2722.546794,4559.967435,2090.045786,469.28215,271.5677773,4835.264,4264.999487
74,256.8435,26.0991,9813.503086,19952.24414,948.0969769,8241.573164,17569.95661,15893.69389,4.95,19316.62093,14484.84709,7613.506533,15670.67233,14791.44475,10823.9717,17829.42285,19137.71194
75,665.4274,18.6443,10336.8215,471.2827618,2369.967744,6984.538594,60.72,0,0,178.7656677,0,0,52.48,189.225,54.36,104.1927063,46.575
76,830.4812,20.7488,12866.21997,0,86.445,124.65,0,36.5,0,66.42,0,131.32,42.105,27.7,59.84,0,0
77,459.3485,20.5628,10138.12201,0,0,0,0,0,0,0,0,0,0,0,0,0,0
78,405.1398,2.5077,14644.29917,776.6106469,502.4000933,13325.44229,44.812,5433.247154,5551.723589,51.7195,278.6175,3866.523395,41.34,6905.905969,35.284,4090.451126,300.6619286
79,679.387,13.1752,6245.167734,96.1395,186.4033197,8859.977855,12.7375,1383.904914,175.409,24.0875,0,4107.688483,35.613,707.7540961,72.135,357.0938062,23.193
80,513.2543,4.9099,6836.663484,1394.727308,439.598283,3386.958943,117.357,215.4339047,2559.699,0,61.435,59.84,103.9711666,107.8879367,51.048,498.5913492,180.887
81,343.1535,7.9898,9492.279594,252.889,209.6985757,9768.255039,32712.80477,31411.65739,227664.0591,1634.346027,6705.99462,52758.15084,8366.408148,10518.60197,11154.1185,137982.799,9080.440902
82,649.4335,16.1138,13754.42598,108421.8315,1884.115034,20315.07548,24.27,501.7838839,0,149.7816637,56.1315,175.3508928,2332.577395,1148.35675,896.969,88.78505539,389.33
83,447.0916,5.2913,100.786,213044.4642,50.07193103,3065.601866,74593.08107,1242.88657,1540.016538,628.58333,424.575163,1954.745856,39951.87831,1535.71147,116940.0918,24000.30293,882.1458676
84,691.4429,18.2115,22180.10333,97098.79082,253.2765442,30516.74111,125.855,137.4299817,54.12,54.945,40.8,119.51,4438.198308,2546.58181,975.8876392,0,248.18
85,463.0865,4.6664,10564.99689,127453.8076,1121.543463,9128.741449,26899.13363,950.8586163,1921.646562,1173.032,4918.165173,6991.417245,37173.9012,422.0755,19024.63041,9293.388734,4102.680358
86,679.4438,15.3235,6217.567486,52469.94586,51.06555588,6579.809,60.088,12.258,34.658,131.79,0,33.768,571.0279099,145.8175,242.871,0,70.9625
87,269.0795,8.2737,25737.19876,34798.07261,574.7409691,6066.460283,61.7545,33.9,216.8535,0,0,0,580.581,77.408,71.6035,63.492,18.13
88,116.9253,26.0862,151080.7012,62645.31312,15352.00613,58001.48648,107820.6795,114996.6807,100.0735309,56821.89914,69791.32727,70556.82117,93489.63336,101165.0352,62776.8225,66539.98219,55776.96609
89,895.1955,5.2822,83.488,78492.07535,0,0,7294.291016,0,0,30.837,0,37.587,9914.819434,18.876,29000.67948,1832.036374,16.968
90,635.417,15.25,376.4608365,33970.02765,721.6613662,49.236,51.474,0,21.762,0,60.135,95.76,116.7127452,51.0475,149.12,63.34,40.084
91,1299.881,16.1101,0,68604.87768,0,0,0,0,0,0,0,0,0,0,0,0,0
92,431.0964,5.8697,545.6616577,48513.15175,186.1161803,897.5559961,13549.91022,896.9056682,498.8599404,27.44,83.079,707.462,18431.27928,250.702,32845.99998,8998.602744,130.6638487
93,269.0437,10.5275,16584.63848,24106.27107,517.8474355,7322.870382,111.516,80.887,49.62,0,13.356,106.5375,736.4495281,98.48270166,287.388,193.1092506,71.0395
94,677.4295,17.4478,1601.99043,21866.09758,61.2,5628.110132,40.79,233.98,211.058732,68.4,48.84,158.3881204,439.040988,160.95,71.775,204.575,0
95,927.1883,4.7082,53.61101172,22355.68701,0,0,1106.996817,0,0,9.261,0,138.6,2877.646525,45.84,223.2375717,0,46.0275
96,651.4099,12.1786,104.058,18591.6021,10.63,132.2512097,0,37.962,25.26,60.88,0,0,115.6563319,0,96.985,82.2265,203.755
97,477.0665,4.7258,2629.861087,33409.81866,227.1055,1982.6637,7500.894187,379.867,1220.171004,353.6025,610.5124422,1789.845631,3877.622083,1642.6,26723.61591,17543.15346,2814.042968
98,277.2142,17.614,2243.817597,22166.92775,852.6731689,1752.219727,25508.09682,5391.354824,0,154.135,2306.859921,3520.468789,16941.90505,2044.690603,8378.909619,13159.4955,3518.576541
99,301.0322,6.9173,6016.965269,42993.57902,3373.205572,15006.64591,293.727372,0,155.051,786.201603,690.2380606,221.978,5581.689193,291.1305,2365.194783,288.5480776,253.7845391
100,749.3584,16.1067,1308.278421,43095.19991,84.816,361.6515,59.859,0,18.5725,0,33.876,0,361.5744233,45.36,89.076,0,0
101,267.0693,0.824,10456.00362,17958.34485,1570.659931,6500.965225,11399.47482,9849.241053,16436.37989,1400.372,5937.671917,15851.22815,7858.740355,6806.753297,29787.46016,12180.78976,7248.279592
102,415.1962,5.4908,3416.685,25629.43006,183.348,1657.762772,7341.103,2497.133483,3656.557678,43.7645,948.3370315,4619.099059,3608.23421,1647.4465,5661.817524,1905.887062,1579.72757
103,791.3674,18.2083,2478.181005,14780.99098,165.935,1342.768403,0,0,44.965,0,32.43,56.28,477.0998479,97.05578796,238.91,0,36.36
104,461.1078,6.8629,2070.699694,30686.3103,201.955,2903.107455,50.07,64.729,64.432,39.8125,171.9522562,33.36,28.969,0,184.8027441,205.2306686,111.726
105,289.0685,3.1244,8733.736025,27674.55204,0,25686.39749,0,0,49.95,14.985,38.551,18.722,0,49.665,41.144,0,0
106,413.1427,4.9719,2188.034475,8880.738923,557.7101642,1494.108362,21186.26026,1957.834594,4669.948438,202.6553624,4376.6669,4859.475297,4493.670335,2132.778656,10024.62098,2859.146264,13829.94643
107,216.8507,26.0825,30461.82776,19171.44125,1105.165539,18735.00979,13750.17445,34629.18313,15.15,31732.61789,19562.77252,11580.40864,23232.45584,31364.48754,32845.00062,22943.30988,18134.53406
108,515.08,5.2973,100.159,31463.48782,50.193,237.2619017,9976.608379,302.77,337.512,85.966,61.66,302.0214695,11306.86421,172.7554163,11430.30921,7464.00453,294.4599623
109,661.4324,19.1501,21218.09791,12130.90746,114.98,11181.3787,0,57.51,60.32,62.37,34.06,26.565,134.975,1368.70105,252.405,61.82,48.36
110,667.4052,12.5899,155.6775,10422.59149,32.4,48.6,89.003,21.084,71.604,89.9885,0,30.666,59.994,0,442.3795541,0,151.7625
111,479.0817,4.0693,1074.794804,14455.42096,34.075,463.1527566,43.7565,69.746,87.006,75.008,190.256,37.51,117.332,45.551,57.152,127.7598262,105.7102138
112,519.3683,19.2409,10516.52236,12702.96053,1531.095,9347.65583,378.1240054,563.6289691,57.925,216.485,442.2720819,227.445,143.08,295.7856201,6519.557722,32717.65994,30161.66009
113,651.4115,12.7346,175.26,7226.738022,29.33665788,212.649,33.315,49.4025,0,43.57457428,0,15.14,48.768,27.7125,55.9625,0,0
114,451.2162,2.3385,345.515803,17476.2232,29.268,663.5905041,81.6635,138.0909888,237.38,0,84.568,21.515,26.7135,287.4612648,162.747,368.1052156,114.4631426
115,555.2841,19.3669,29,22700.41379,29.21,409.4114163,65296.63687,510.9137671,4469.231658,7137.879854,588.8190266,93.925,23090.27563,39.69,21553.4748,362.9421509,3001.0727
116,665.4251,14.6096,134.72,18629.61172,39.888,109.034502,28.315,56.583,46.041,331.8942376,0,0,47.42,18.9,42.8125,60.3780092,0
117,785.0857,3.4536,10420.83891,8694.585703,30118.16363,8159.053162,0,133.272,26.847,2107.210066,75814.23922,12.6735,13637.96981,0,44079.82247,127.4292944,14.508
118,695.4399,16.6881,6407.954082,23405.186,2155.967151,3634.405294,0,34.48369019,35,68.6,19.525,194.513,125.245,85.74449203,34.675,0,72.882
119,531.0752,4.6599,1244.138995,20476.93664,112.1145,1869.19804,9927.286761,395.2365,175.61,215.179,1052.009,1564.673761,10847.68661,167.6185,2401.003405,2211.252001,519.0819648
120,293.2097,13.2478,859.8945,8845.236018,24.8755,733.9325421,18048.76782,2349.076311,1988.0653,24.639,208.4105,1130.334,3219.780592,970.2823069,5661.805094,9486.925871,4783.209312
121,677.4266,16.6871,152.4357857,10468.50673,97.2845,1721.652034,16.92,149.25,76.7,32.34,0,63.715,111.563,123.7170927,78.468,54.264,0
122,449.0702,4.5595,72.72538147,10092.16264,35.5485,59.0715,0,36.675,45.4895,22.77,0,0,53.3332998,26.004,92.175,36.198,0
123,417.2109,5.5199,9344.691471,7626.093414,312.967969,9225.484719,178.7103999,1083.111128,2622.546858,0,26.381,420.8525,287.6040001,10621.21934,4004.147284,6337.944195,1991.295106
124,791.3717,18.556,10083.56765,8827.062676,83.10444946,4380.591731,0,23.76,16.6,29.2,0,0,115.2371143,166.455,166.79,40.18,49.6
125,607.3507,11.4959,199.21,6881.578977,314.7677402,157.5606977,10.165,42.123,56.2,65.544,23.4465,49.588,75.7095,21.034,34.182,87.265,147.53
126,315.1063,3.4391,519.18141,7538.414625,155.247,149.45,9214.881959,1083.256957,2696.390936,85.3485,515.4632865,2093.386571,2059.215181,494.5905,1924.743664,1353.889907,5629.999655
127,501.0629,5.1545,37.6,13029.68108,120.2787067,110.572,4520.520281,0,89.976,144.126,268.6138055,130.218,663.1008624,0,503.2571067,438.4599778,79.7465
128,395.1906,3.3857,9453.331114,13301.51193,122.4475,4439.965262,1485.767361,913.5743412,3213.563038,27.591,207.8595,4311.212451,2642.761976,271.2328289,1431.27129,6118.458322,531.9326041
129,693.4244,13.9876,954.608,7732.225907,29.9295,1169.427074,33.84,16.812,42.09,498.5705552,8.316,0,154.5992432,95.37285318,68.913,46.928,113.34
130,429.1751,5.5421,15550.02217,7221.536049,120.75,7938.019484,2320.507636,488.152,8912.910051,66.751,38.61,613.9970247,47.183,4138.303254,6090.419279,3938.949229,3778.271147
131,367.0402,10.6861,4555.154851,6599.994117,132.587,1942.737498,38.376,42.2625,34.57,0,29.106,32.2805,54.274,36.5005,74.5105,35.121,108.2355
132,383.1179,0.833,11941.96446,8560.549717,320.1485,10907.84487,30521.81108,774.6196938,3477.477432,0,19113.17957,9103.120306,38065.24941,308.1134845,26015.61991,13192.94788,51417.86995
133,540.3287,14.5729,725.2464691,8845.62832,1512.182326,139.2975,5943.978231,3597.762821,107.2955,848.308,12848.49112,203.5568347,1077.304565,134.5996266,13112.62432,6490.339345,643.4368357
134,709.4175,14.0309,258.5845773,9409.052339,55.44,353.43,0,17.798,0,28.731,0,27.296,26.28,59.262,155.2014029,136.9477358,0
135,717.4235,16.0916,1231.447993,18546.06446,177.7531414,2787.68433,25.519,31.119,51.8925,53.625,44.4675,10.602,95.846,165.24,131.3315,44.143,107.1245
136,285.0385,7.9867,1814.305633,6710.392558,138.402,2253.591153,245.4677118,0,85.47,1894.685551,129.906,117.364,465.4349398,0,1289.830214,641.6092256,538.1005533
137,158.9754,0.6805,9723.310975,6225.241323,7098.830021,12556.1887,11156.84659,4793.856926,5402.070171,4794.532468,9557.732613,4562.368368,9354.510021,3503.916203,8828.275098,7628.573274,3058.598286
138,181.0686,0.7897,5071.821806,9352.61332,43911.29892,3994.750071,17835.67438,13514.16958,23818.43609,62559.48164,2270.111753,15471.79723,10236.33355,15684.33234,4752.475812,40465.61759,12989.89474
139,783.0709,2.0834,2379.143732,842.9762988,86888.79273,5061.693737,0,12.188,20.125,906.2117134,211955.0644,21.715,336.7201699,24.853,9602.29317,54.7025,16.7145
140,783.0716,2.6536,3416.947621,2759.77,68721.51583,8416.172535,0,13.4225,13.662,3500.749921,200953.5518,36.961,1498.398445,0,10240.9582,18.241,17.651
141,551.0421,3.152,39.984,91.389,26623.3596,0,20.828,16.749,0,44.385,95.50989153,60.665,43.368,25.872,71.5,69.5605,64.3695
142,935.0828,3.191,356.524,52.273,24535.65447,17339.67158,0,0,0,17.184,8866.977348,0,44.48,0,43.494,0,0
143,679.4436,19.25,248569.7706,74013.39168,24082.43098,50154.60156,189.8367395,98.1655072,0,40.3,58.025,209.88,1453.232057,6547.744729,203.165,588.3173376,150.4762921
144,617.0591,2.8466,56.0875,11.209,19919.75156,240.5004503,0,0,0,37.15091431,195.935,0,27.54,24.32,24.491,43.4465,26.7135
145,533.058,2.8877,6672.772808,27.9675,20459.23566,32303.01825,131.9735,0,107.436,70.284,7246.400988,0,3.9995,62.907,307.5458541,60.211,0
146,481.0612,1.1007,6224.261197,4379.300074,26939.9097,9417.119943,83.742,76.35830191,64.9565,7531.091343,59032.54481,18.837,16702.53909,107.8585,9158.31628,75.15922369,4.7725
147,469.0028,3.5848,105.27,76.194,19625.33849,1305.894378,22.2425,24.2655,21.58,780.7773322,64084.46704,0,269.5415,28.899,1037.80867,63.2295,85.898
148,433.0395,4.0965,8524.452083,1418.949726,29558.64925,7968.180377,2965.961269,506.7865,1094.098566,19193.67006,24066.03473,888.509,26177.56975,977.9431248,9760.401873,14029.7425,329.7966629
149,585.2287,13.4693,1709.521298,89.20944193,16618.25436,407.1181523,2584.083159,4318.405126,6906.402485,12103.38267,4106.8288,8145.821525,1987.363815,6723.942245,2109.019484,11061.78923,1615.741515
150,483.0192,5.2933,6030.583192,1002.066943,30568.06342,5747.744497,55.51936743,140.2765,160.8405668,2241.820916,89241.54824,59.682,12746.55705,128.6285,11242.60338,97.0275,249.1127985
151,951.0778,2.5417,52.8465,10.668,27156.43557,333.984,0,16.947,21.472,92.76669308,66682.74533,32.928,6.963,43.6015,365.2585566,0,0
152,331.0648,1.2118,10556.32091,7777.241008,31849.86903,6491.781781,17897.51754,165.642817,1762.8218,4647.206271,67177.66097,80.6421853,24437.14461,444.3701852,52885.18277,7489.687843,52.43262012
153,603.0044,4.5082,6471.630275,1398.348075,17362.20314,2944.952865,197.6282266,0,1050.4525,10598.95187,16248.09572,0,2659.638593,62.843,2581.960596,2392.089898,75.37978471
154,467.0356,3.1363,270.325,0,13777.17783,10352.64639,0,59.885,33.75,211.148,3510.31132,76.055,12.932,26.565,62.945,57.546,65.3425
155,505.0621,5.548,8347.66338,1778.0255,10765.30357,5201.187063,0,36.384,369.3382277,70.69751965,403.7634435,50.3125,75.954,354.458,320.2220801,334.977,66.45
156,457.2254,20.828,17851.73928,14235.144,16815.16844,194.88,14558.57148,12121.88684,0,0,14099.94988,14590.39232,7843.578125,22603.56318,6716.930039,13226.72139,8196.417061
157,558.0479,3.9068,23.548,107.5295,10001.02017,68.6565,0,0,17.776,119.0555,158.193,37.672,21.951,28.392,70.11,15.855,43.497
158,965.0924,3.2445,32.2875,123.0075,14658.8253,513.9136285,16.968,0,0,608.6053086,75127.26633,36.8375,174.345,0,5082.361593,19.7275,11.1
159,965.0937,4.3542,46.53,3.834,13325.41441,97.773,27.104,0,0,856.310334,8708.181187,0,96.936,0,337.9618762,35.325,0
160,471.3473,13.8544,4215.837993,9670.041841,10978.17133,2008.014422,800.1594758,10563.16738,3007.915637,5127.765052,259.6247678,16071.72533,863.5406578,11703.90974,1992.995153,26067.82845,1837.322839
161,634.9936,4.525,4091.202872,191.6055,12148.82367,520.6605,35.425,0,79.534,17314.11582,9604.805609,30.63,3543.330197,0,790.0431445,1185.54792,0
162,475.0335,2.5431,40.221,90.962,19257.87325,232.4951738,0,28.305,0,51.969,31522.35212,24.0845,36.698,0,132.9706201,16.9365,35.175
163,603.2394,11.2111,166.4125,28.441,10981.45867,0,59.409,278.2074275,118.7395,1604.63043,395.703,4407.433297,244.212,2180.542481,133.506,240.7600364,73.4525
164,461.3614,21.8688,384.825,158.835,10864.14422,252.16,71.37664795,180.57,0,18789.45645,129.96,1833.575,463.4506372,8873.336367,464.7,2309.648229,2702.884441
165,621.4376,23.7776,8687.155083,11996.23982,13088.23047,12645.18482,9917.06127,6243.014287,48.48,15971.66396,8422.924727,12538.14695,27495.83041,9782.261167,24189.38709,19533.48136,10277.43575
166,441.2867,18.9716,0,44.44,10854.0157,0,0,52.36942841,39.78,36.63,537.4335254,0,0,44.64,42.98,0,237.285
167,867.0909,4.0883,21.87,22.3988502,7232.266918,364.51639,53.382,15.8125,0,4154.19728,9758.185473,0,5293.140624,36.975,997.7366716,1608.474968,0
168,679.4439,18.8255,118553.1207,11948.0633,12511.47183,41621.56598,46.535,59.825,145.36,134.67,0,81.205,162.3108197,1948.458201,174.6055865,38.4,0
169,391.0294,2.6315,898.5380763,765.8307002,10318.81886,2520.685552,60.165,39.007,24.372,204.4364653,31231.87694,21.6935,542.2387141,0,2492.185479,20.4525,16.14
170,392.0379,3.4414,3668.909115,4108.407229,7861.42848,2683.292201,18.5955,69.696,37.011,844.8565834,9445.138008,0,3564.226,32.664,19518.34404,50.029,0
171,624.0713,3.6299,208.261,22.545,14073.8621,159.375,55.468,6.237,28.756,0,80.765,49.26,68.5495,22.449,48.09,0,0
172,311.1263,7.2461,1448.41157,35.3625,6189.678069,717.1575,643.5436252,4147.530115,1680.056346,14988.46863,3065.594655,7528.024187,343.254074,11350.19595,1317.456901,1168.007783,208.018
173,463.0507,3.5139,965.6821248,160.247124,6944.450293,1156.119544,761.6432003,59.829,202.4201923,5734.249855,19037.69656,171.2005,8963.609106,79.62359314,3733.045529,5063.254551,95.598
174,363.033,2.1443,276.393,24.225,8338.273523,262.2645667,76.046,15.834,42.9715,1855.028377,200.402,0,225.2039395,22.13,797.2106398,16.6815,32.18
175,309.1107,7.9875,1893.169692,841.4446991,5959.834133,543.0686932,10103.65303,4009.571305,17540.09322,32527.60308,24512.35604,22033.9543,44284.32434,8300.666839,9275.32256,29155.01426,7341.844623
176,561.2891,21.9352,168.75,43.89,7114.46959,165.09,33.35,313.8873792,40.635,56010.95051,504.585,241.9771729,174.66,4293.027891,307.0536963,1028.734563,1590.763907
177,327.1579,9.0388,232488.848,8262.944219,2326.63257,283672.0259,26580.78729,97199.44159,307137.9191,1755.898995,31817.39095,85196.33381,9332.290615,24056.32915,14341.66581,179897.5808,14784.59028
178,619.42,17.8346,198685.3076,209830.069,8243.117125,85011.64817,253.8,108.8575482,43.74,46.26,137.6412741,135.6480334,1502.727543,9229.853555,538.0334583,254.1788275,289.9688086
179,387.1133,0.7924,36230.15522,25331.391,25486.52184,26572.62037,35765.65818,23522.19975,18100.66327,64003.16562,6057.480076,15599.92967,8173.514637,11738.67483,5127.88175,15758.74802,2100.517402
180,965.0922,3.4375,9716.915277,1270.199719,5787.52609,55539.34321,0,0,7.506,536.1487626,47515.8992,0,339.7225,8.987,1480.274,0,0
181,633.3798,13.2314,57979.37448,2504.080636,10918.94805,48365.29224,475.7360749,18729.69212,5877.130439,62.63422702,67.35948349,19541.83945,200.7635,6350.982304,283.0531938,5846.580395,186.4204021
182,453.3362,18.9741,33777.26093,844.1367859,7040.169686,42273.61422,921.3180273,2700.789093,2569.040637,142.24,707.86,10027.17806,443.0947748,34043.08062,28917.23813,21511.54288,43625.29746
183,225.0586,0.7759,16868.92748,17112.84128,4705.870835,20410.0785,11128.38318,11257.99955,9364.732605,1209.097489,33435.08064,12858.88346,21273.68901,7510.772533,26730.6875,8167.344261,10747.20531
184,497.3628,20.1014,43943.33996,1226.014602,8660.42605,35774.40475,382.8486877,11434.93995,43.875,36.82,214.2288977,9810.442939,292.16,11651.05032,364.8867578,10967.91749,920.01
185,523.2166,5.3214,185.0188554,493.0641611,104.712,15138.87414,2861.608206,21587.76052,3135.2565,116.7071738,169.610894,11283.75179,2177.805739,7732.900957,174.4125,2093.085747,217.6270876
186,655.3303,9.0537,14449.44637,0,99.396,23165.31122,1468.65075,3980.605766,16145.41334,30.155,386.136,2210.008624,44.023,2519.100232,166.6656029,7125.494215,466.4448908
187,649.4313,16.3317,34402.72398,43342.02684,1364.188477,29618.79636,21.735,70.93,101.6651003,808.0901325,29.933,219.102,649.9895064,1248.211984,452.5796912,89.74,152.999
188,895.1256,5.1208,10958.09016,3300.42326,6208.87441,28999.64973,243.0875,0,11758.28217,200.6958876,17043.03178,0,1519.97267,3472.396937,3263.493048,3012.972114,75.94
189,543.3689,20.0475,32830.1509,1000.78,4586.591206,24225.67181,438.615,8389.696221,0,95.83,109.2,12619.23346,336.785,7854.021283,545.105,9257.795938,955.8659932
190,527.4436,26.0039,0,78.525,0,18599.21312,0,89.215,0,0,0,130.65,0,3480.366606,173.46,0,0
191,499.3419,18.9783,20583.59035,440.763652,3203.504121,27622.78038,673.2322681,3805.523311,1765.29468,316.6347705,823.9967664,6097.308291,218.0655615,20413.86633,15690.89399,15309.00812,24814.63408
192,191.0165,1.0819,7870.731819,7906.766105,760.0865,13533.03628,3414.210841,217.1881319,2548.21818,114.433,197.3042205,478.771045,628.8718671,227.6135,925.0675901,2465.703767,5704.493096
193,363.1355,9.0419,10537.26838,678.6,289.017,12517.96586,5600.9936,6705.586111,15356.07462,91.806,3239.946814,6159.591475,1853.492308,4687.860932,2721.920458,4663.696541,4719.680813
194,719.3468,17.8735,31893.15785,1686.965,454.0250928,8299.777578,0,16.94,0,240.0448471,42.12,51.15,77.7,122.96,45.63,201.3081738,110.43
195,593.2604,6.8205,2986.943956,83.564,223.3194308,6972.379863,414.642,112618.3287,30602.08836,157.36,2640.062752,47964.62771,4918.53717,186643.8478,1649.807969,31518.39655,4861.073805
196,493.0304,3.4996,3662.170499,1361.67725,1652.65,15826.17343,0,37.312,20.982,602.0756909,1588.054456,9.867,46.399,34.787,313.3440036,15.8255,43.99
197,537.1965,5.8962,7790.59672,2364.473658,1344.808681,10290.74188,230.375,2875.582662,1402.397737,59.3125,45.7125,1721.91775,461.1359001,2520.538672,247.7195,2135.709059,77.92775012
198,421.133,1.6269,12196.20645,2750.363278,58.462,10926.48668,82.80805725,10325.93377,5170.883286,0,14.589,3581.992221,61.75215118,3425.35697,387.762907,7373.697027,275.3103129
199,911.7158,17.2011,19642.27939,128.39,6433.750132,10950.88436,220.99,19303.9266,7254.120117,88.88,608.3753915,14149.08984,65.36,44923.91844,4062.500479,22957.64533,1007.648613
200,491.0449,4.4068,8713.921665,1449.019238,6892.528885,5199.971527,0,147.186,762.955,203.9751324,533.3268633,76.77,333.4600917,104.7975729,578.842,508.032,26.6805
201,373.1114,2.0436,6353.99754,1510.481498,704.568,9335.165748,140.0869551,7343.19439,7380.12225,19.404,0,2579.827553,61.643,10815.35033,237.16,5775.803836,155.794
202,477.1756,5.0428,3725.528678,2445.941001,4199.270702,6251.773646,202663.2524,580955.7369,228470.5822,12933.08588,124803.31,304457.6374,92120.04541,354540.6126,143879.4112,199274.0971,680.8741171
203,347.096,0.869,563.9356761,527.0808191,7310.140308,171.5284073,91505.83163,244.5177701,1557.633488,0,54274.05414,389.8400842,26807.35423,12.0555,16954.43673,6458.721357,8432.310337
204,173.0424,0.8671,5082.464572,9684.906125,14053.32212,3733.828468,91896.60188,3879.669416,8841.41673,767.4929017,65926.24156,7245.039321,43386.04497,3027.629148,28566.59484,16092.35586,18867.67545
205,327.1211,7.3428,1033.179737,800.1214875,1411.24967,1881.563761,151335.5419,216865.7567,403477.1539,6070.774487,7414.774652,94896.93061,15355.04091,25903.01764,37608.6839,274770.307,3393.04781
206,463.1962,6.3097,187.4540845,106.752,219.1441024,37.94,51484.81866,133661.3231,80852.91836,1036.961608,5268.075477,67296.29893,6525.163078,17538.59304,4297.107031,13825.93685,54.944
207,559.3113,13.8498,3038.179195,14555.35002,575.0396853,3902.020327,35404.59682,3349.021944,128.0465,144.8025554,2412.683032,14209.90771,21954.54501,56.5845,15786.29139,7870.480256,4769.870965
208,345.1324,5.5236,1118.886359,115.2355,117.1555,980.7715,28421.6964,45522.60953,114716.8242,2835.595214,2694.676365,67379.2854,6355.700503,34349.24203,15787.8792,39322.10895,835.6085475
209,153.0159,2.3422,757.1202295,7376.077598,1673.724525,1960.021477,53392.77858,2779.857422,7075.140379,9518.7077,8613.647625,5622.981003,87636.54439,16798.11045,12522.29754,14254.43871,7840.285558
210,297.0585,3.5453,194.4451595,724.7857837,162.2095185,172.524,24401.00019,26.5765,79.454,36.012,0,28.392,2226.879,26.977,375.4509958,24.128,0
211,461.1799,5.6597,142.182667,41.2965,448.4928131,321.7531697,28717.34172,84539.24121,119123.1844,2290.077191,6932.498143,59407.26129,13114.3849,58596.83114,24745.23551,64241.55964,256.75714
212,193.0473,6.0595,0,0,0,0,46665.04219,0,0,0,0,0,0,0,0,0,0
213,955.364,5.0408,25.5345,46.9185,0,102.84,29395.79418,447199.4863,144528.9583,34.26,15269.25542,245852.0589,6491.733718,120046.6097,35623.63097,90210.6317,0
214,493.2063,5.9546,885.5615,398.8414185,1962.570586,393.0693577,23415.30264,404911.4165,168163.6971,1013.957504,41078.1913,268785.1265,40924.07197,210671.0113,6546.443629,65061.41044,364.5419206
215,433.0752,5.1618,174.3738682,49147.17285,172.863,1066.726582,20886.47203,244.7071472,541.8057515,63.2735,530.501,291.6433088,4975.747434,39.959,4284.965332,4056.288852,1133.715021
216,311.0743,4.3781,198.617,280.005,0,10.815,13465.38945,19.236,155.57,52.2805,0,27.6545,1890.922779,62.238,159.082,221.0045,0
217,285.0593,2.6572,1906.131231,1152.133151,255.698,655.77341,28462.58021,1596.108112,11958.09509,193.4326883,0,10443.75153,1334.4819,14947.48273,6991.103823,30747.1361,35594.29269
218,447.2015,6.8752,105.4117095,0,0,38.6485,15251.93546,0,69.222,23.53385986,42.32,108.423,22.66,0,46.3455,51.285,35.536
219,439.1803,4.1669,1167.511496,7943.87609,218.3705,1063.921482,14118.96605,530.5539035,5410.942218,63.193,386.78,1156.736,13060.65935,1643.525271,8887.880073,3534.723588,391.7500761
220,227.1267,8.3055,0,22.71,39.6655,41.31,16577.6887,77.13,46.7775,0,25.079,22.722,42.435,82.325,20.3,0,23.519
221,527.284,14.0427,449.1897548,4780.013684,133.7215,1165.295713,16770.35868,982.3001786,323.337,60.95,332.1158533,1384.310337,8655.11944,116.5305,9453.73538,3301.859029,4788.391306
222,397.0765,5.3293,377.4319287,1062.302871,1679.393496,412.0515,23676.38267,453.0188419,206.83,1423.879615,12488.21113,0,17622.69128,38.3005,64574.93494,4784.632181,133.074
223,311.1262,8.393,5717.128463,7154.326481,581.2042521,2843.697135,8694.699648,12316.50281,71370.95899,8332.754138,11883.50203,29706.81108,104833.4294,11912.84222,4599.875475,38010.46803,4823.964282
224,357.1169,3.1552,251.0503644,487.9334109,27.569,422.7751417,14451.69177,6776.562422,6052.049531,505.3840403,484.3782275,14831.08383,6681.513697,6970.441491,1578.451327,6219.357819,1967.650524
225,789.3521,12.4152,0,3690.065825,6.468,0,7444.563699,0,45.0275,42.69632245,24.6,38.48,26.98,0,40.131,35.805,702.5591016
226,369.0789,1.0071,28.926,13.167,66.7735,5.395,13068.11721,6.8805,29.362,0,1656.300394,23.489,981.7091453,33.02,382.804,305.452539,17.204
227,389.1783,3.7754,156.3162607,555.4909032,0,108.2278386,8233.633271,1401.192514,6971.118138,39.7915,502.052,5166.998957,1917.823153,177.216,564.95,3669.334189,3195.50163
228,367.101,4.2556,45.902,20.0265,28.33,27.0105,8950.318008,19.7635,0,22.491,49.2,29.315,758.7849434,47.268,31.11,20.907,11.684
229,477.1031,6.7161,0,12.8125,346.0681739,0,18791.7718,2131.841326,213.8020637,821.8187842,7150.97127,2643.838414,124504.8509,253.976,10643.60244,4717.030091,4014.268837
230,577.2698,14.1046,0,9044.596793,15.371,746.3913043,10652.63621,202.1205,1002.097194,30.0625,204.3378383,322.5306937,340.0238982,16.2925,5415.465274,42.921,2413.291265
231,325.0899,4.3556,379.4675,215.9311069,74.414,61.978,9616.727688,258.8237748,4360.440215,51.918,526.2592175,2419.64486,16691.37542,376.605669,5605.190496,7719.871246,684.6087852
232,713.2967,13.3735,31.806,0,29.56773633,40.9625,8650.865303,195.460021,238.8260537,59.2185,106.1128291,80.401,12144.29064,96.96426758,5542.644804,6538.252499,76.44
233,699.3814,13.8725,739.8771709,2957.830901,92.30657153,1983.724324,8046.504088,82.43539398,183.0333513,224.665,123.256182,694.5406487,7880.106834,107.2455,4053.203474,1983.636556,521.8619639
234,571.2898,16.5246,0,19900.78674,193.5662246,469.2994581,8158.613607,3650.552644,122.6037036,563.3033545,6748.228807,43.53,3256.898547,37.356,11557.00876,78.8895,4321.692477
235,655.2554,7.3417,32.13,0,75.3565,119.79,10833.78319,34900.59825,43646.25647,20.3375,50.16,14114.77677,370.5723618,3543.617529,2054.548536,45216.50362,173.36
236,545.1628,5.0493,1046.7535,358.3261246,360.1005,682.5041355,11182.42489,11482.73057,6397.900242,2069.620584,11599.49926,10169.70995,11715.76874,12531.8763,18066.09399,12024.84225,50.096
237,225.1103,4.1803,333.3957642,1061.72938,21.33,463.6247611,12969.08958,4418.776306,12231.60165,0,2040.315243,27877.27608,14752.39746,663.2379681,7328.563566,21073.2484,9114.542947
238,303.0462,0.8329,1608.900627,1061.202104,0,4369.195028,7620.765484,145.012,4669.191097,64.7955,733.4432506,12770.96753,10058.63366,65.799,6183.336778,7767.883707,11564.95932
239,727.4132,16.5198,833.3744082,317.267553,91.2475,279.03,12131.43681,585.7843845,0,225.7035,267.2303235,1333.221937,12004.57497,116.6465,2520.975552,1652.858777,255.5544551
240,625.2501,5.6395,486.3048928,432.0759137,481.6461243,255.7379534,5083.011269,132357.0346,102408.5987,241.0114844,1104.948086,53153.68843,510.6102044,224711.5729,259.9275771,69387.13266,66.8125
241,359.1478,7.0128,1702.069054,944.6344425,3137.560205,4682.926971,334787.8983,218904.9939,657766.9128,9459.543788,48480.23242,193716.117,66466.76798,165818.1596,105328.7842,288644.5888,36750.56396
242,507.1864,4.7397,1168.700091,73.024,114.845,495.998532,5885.427737,204624.2093,52098.63354,490.3841586,12902.8243,159534.1914,6771.138938,26815.50287,6247.776074,22874.08857,170.781
243,667.2406,7.5154,185.5055,722.1672382,119.949,45.528,127.4622341,72043.31578,23.56,154.863,1472.260521,44691.59323,155.125,226.186685,69.17382996,658.6055498,30.0605
244,471.3467,20.7465,1696.174936,3319.539956,2211.130377,6061.724678,6286.940697,104774.1491,8365.675771,32225.50453,12405.80637,154070.7581,2362.054036,59421.39445,4763.896772,49023.19336,31885.44016
245,987.4281,5.9739,0,0,0,0,209.82,163345.634,11771.37494,0,198.6378983,25893.3665,2438.65252,25155.80921,27.9375,161.811,0
246,623.2138,6.7649,144.6893512,268.687,162.3990485,152.334,651.3335553,54010.07246,178.1739401,186.5205,14582.50971,64823.80571,13911.18065,202.935,3055.819001,2954.373309,26.652
247,571.273,20.6801,548.5976715,552.97,891.4007489,3381.818613,3554.376807,85544.91687,46538.95359,25172.57916,9527.982827,82885.48889,796.715,35882.83406,1419.16,28589.11723,8699.976296
248,639.2664,5.6614,273.5805358,39.17771143,75.32414099,211.914,163.9788342,54977.73968,672.602322,79.62889517,109.48,7721.767998,60.9095,8441.187022,65.36,2332.347324,25.7895
249,609.2552,6.2229,325.6090146,63.3865,195.7677397,27.1295,516.5691949,34819.43463,21577.85534,113.535,303.5262181,15604.152,296.7428992,34410.56624,149.515,14908.20948,271.9624807
250,719.3081,7.0161,0,0,0,0,64732.51187,53883.08097,178656.0526,0,1582.102523,46052.51569,2403.823926,18969.78047,5396.28768,58393.11842,1385.448395
251,639.2663,6.831,2240.526111,250.0365634,203.4188929,10711.59971,378.2881882,68490.61063,18297.62467,186.711728,1128.985048,31023.6415,871.8423688,120752.6639,1362.573744,19502.62055,3041.43026
252,607.2405,5.5814,487.8405894,7.452,69.30365144,3174.95768,88.2875,27229.98176,9515.150793,30.856,103.692,18638.37257,146.74,15129.65501,104.3720558,10119.91093,49.2905
253,953.3489,5.0629,0,80.84,0,46.278,6375.637443,50788.98436,19520.80874,90.69538477,4758.170388,45554.33212,1238.059286,12784.58629,12352.7678,10072.00613,0
254,923.3728,5.6899,0,0,38.664,0,1443.464686,23359.51802,16928.38148,0,179.625,24906.23116,0,4733.270061,683.492915,4050.49046,0
255,619.4006,15.5746,59.59696875,1755.348031,119.221633,1967.54768,2461.192328,26791.42928,33511.64212,225.4940971,343.8770881,68531.73782,154.0020247,838.983067,376.064,1324.780918,0
256,653.2237,6.7901,84.091,89.69005664,38.952,105.69,270.7517306,35242.33152,650.8504623,44.3295,2434.996406,38172.21138,956.135802,459.6175613,1832.689821,460.3321017,38.8325
257,505.1725,5.406,1800.722663,53.234,131.175,304.0254421,1095.046019,21314.59386,5462.965161,54.414,666.5324484,33645.04295,479.664079,8741.095897,1156.136523,4714.743532,142.8705
258,927.4055,6.2954,17.357,0,0,0,9865.114961,19745.29013,16471.81779,0,0,9203.06084,79.245,679.9000254,34.38,0,0
259,475.1603,4.1058,18.45,60.9175,34.032,31.875,7702.579539,15509.40248,13106.66747,1229.448815,271.5521567,49752.80585,2040.4625,15986.172,3311.014406,8233.96154,1734.087279
260,331.1528,7.2025,32.06,51.152,63.327,329.576,8500.166508,18006.10678,25966.44285,1256.643232,917.6824955,66118.82864,12963.08267,24946.61203,11402.3098,25678.97746,195.5415535
261,1251.514,6.1657,0,0,0,0,0,20450.54903,0,0,0,0,0,0,0,0,0
262,447.1129,2.3008,1452.55608,27.826,16.458,1957.887858,23.24,22361.67758,10693.9929,42.675,5094.298055,13474.10792,709.009827,97.526,27.486,139.5034699,128.8025
263,477.2122,6.4772,2354.193844,30.044,30.837,671.1591595,10237.07454,21641.86605,2808.416903,221.7095,3230.417286,11496.03669,17423.50065,8354.589754,635.2637943,3189.26788,87.3505
264,445.1859,6.301,446.4992096,51.129,21.9375,1443.398842,10925.53364,19885.64188,11467.55304,522.0867994,6863.198363,21764.80093,5203.014503,6713.578591,15319.35254,10188.65016,472.6565645
265,653.246,5.5644,702.0182189,15.4565,81.25059647,2225.104416,76.225,13566.5231,8299.320628,119.2725,174.6419241,7215.271558,51.85,8249.509365,80.135,4749.782512,29.0235
266,313.1419,5.7591,26296.07633,5248.741196,4416.75106,6373.18054,6035.05861,12629.07847,28148.84728,2608.844508,39706.30939,11919.32501,9967.203188,12754.92116,6647.351611,63421.28737,15109.35137
267,389.1581,6.5336,70.455,21.112,35.684,25.575,14664.05376,18993.32813,22744.73655,563.3376168,951.148639,47177.10211,4668.652193,10348.02153,8937.447126,31603.73291,1332.655
268,295.2258,14.2157,1894.742266,7965.978979,717.2784206,954.4275767,7333.332529,28036.4828,1566.5615,39.62,865.6679757,9952.290293,935.3493448,5179.806211,1900.695963,42476.97005,15345.41593
269,453.3363,18.8358,9690.762228,1194.512282,321.1855022,1177.299943,921.3180273,12276.1318,205.07,888.7178595,707.86,12343.6377,1054.16254,28177.75816,1710.519727,1724.144097,43625.29746
270,279.2303,18.884,11539.86139,31778.83557,8312.996792,5001.257432,28827.48,20113.78188,277.0965994,6886.940371,3916.678204,15156.85537,12434.29085,13994.79123,11246.01604,15561.61687,3661.030137
271,491.1915,6.3101,117.8394403,304.0614062,33.3035,1481.087529,9982.676685,16405.74547,9158.007285,471.1392441,5753.753836,26157.92095,4588.687399,9660.415771,11616.30195,8582.639546,134.2580713
272,603.4057,16.1736,0,220.8675,0,362.5543787,1146.580933,11983.845,315.3960502,275.4761671,503.3863654,34766.1482,286.765326,155.0805,52.71,494.3695162,41.37
273,571.2728,21.3184,1319.143182,89.375,138.9,1101.625897,97.165,16227.47197,0,12672.43839,548.655838,8208.53125,741.4886194,9421.964512,400.8591565,2863.19942,4175.901262
274,529.1839,5.9537,67.6575,67.54,48.69,129.948,2186.908418,27807.84111,10925.3601,40.675,2467.843498,19626.83395,5516.010667,9614.448291,124.7125,4053.50867,35.574
275,653.2799,6.814,91.62733447,0,109.3484115,181.167,0,9323.639804,35.004,48.72340195,183.8441479,2488.609033,15.132,7623.605557,85.887,3208.647561,54.0475
276,547.3264,6.4545,39.215,19.7765,0,26.736,257.1505,20147.11701,36429.53922,332.9539191,35.37,23119.14773,143.7689284,1642.974248,110.568,566.5775835,32.509
277,357.1325,6.7767,42.2675,22.694,282.3538749,104.374,5450.968472,9024.78696,29698.96757,250.8030459,877.2090742,20919.92652,2930.548559,5676.338169,3851.783132,26824.0142,466.0744021
278,501.3577,19.974,345.145,227.3048639,525.1446643,244.3547446,640.8309338,8673.708442,4425.009005,4771.833977,2937.034395,1643.988538,156.6,7853.885908,590.0132031,4008.021313,5641.770205
279,651.2446,8.1485,52.3575,31.6095,148.0625,23.5045,178.967,7754.535176,124.0225,34.831,119.015579,12152.52725,139.069,37.87635089,81.084,215.6306493,0
280,647.3953,14.4118,7684.60998,331.8678525,6666.280958,12353.55421,69.26783395,10086.48609,2113.234,17.8125,98.296,14780.87417,46.828,10487.94498,100.675,1657.9735,92.7
281,587.4101,19.8286,1516.529497,267.635,512.4454834,3523.823003,2983.92752,5894.18417,102.7,763.2904431,1048.805336,30080.44037,1439.683585,8990.062329,2553.351794,10470.63281,1059.868291
282,619.3994,16.4939,0,55.76,62.70870331,317.862,71.087,8309.684611,11497.51928,62.75,52.933,23376.85287,95.71850052,161.1185,45.4,377.9208259,131.419
283,564.3305,13.7201,368.7362724,8373.006833,2265.975105,58.97343079,2613.594879,5128.123,51.68,14475.86044,8218.150035,60.775,836.2975967,113.165,15663.18222,5478.851812,536.3771442
284,629.2372,6.8329,79.086,26.7795,32.802,1241.619321,90.0095,16079.66153,5266.013267,67.76,528.654588,5078.543521,186.2183306,23068.55024,337.0789375,5992.074197,474.1518469
285,421.162,3.6635,2098.343191,9801.324443,34.45,1289.701788,2251.713727,8060.912637,10782.51734,48.3865,215.2685,4402.064443,10477.13509,6740.1816,3731.441557,9384.679911,2297.572
286,567.2071,4.6808,4597.411912,1091.055283,340.2012319,3363.437625,1124.643891,9633.820904,9607.230116,67.88,358.8005,6452.531854,1314.264347,11322.99751,3272.602934,5364.280729,1408.212228
287,633.4174,16.973,175.42,62.205,50.34944824,81.03,462.3623511,4382.504443,92.8275943,124.26,244.68,21575.54946,60.54,94.03207581,97.47,687.6892743,77.51
288,693.2384,6.1811,42.168,79.37359201,45.7025,260.8775,381.1065129,15066.73843,5914.440101,144.7733448,192.6410867,9936.090696,118.1396206,10529.96098,79.4112998,1262.213095,351.1470753
289,295.1309,9.4004,132185.0182,1739.939832,2232.820674,216263.912,28950.1351,96600.30215,33729.10708,165.1426909,10443.69847,51333.51166,10316.9676,56909.87672,9163.777527,41238.73316,5102.43525
290,479.1918,4.8263,94.14,127.365,79.1285,117.5886711,427.6775,10539.65861,36388.16528,13.377,252.0075,13398.29457,265.6970313,151305.7178,846.295375,55581.7254,52.875
291,713.2631,11.5758,7554.517862,24.18,509.819098,2856.848167,36.022,291.4165,23194.25118,361.3793915,70.153,9169.319393,41.921,1059.874624,67.8015,6261.201738,1985.232842
292,417.1025,3.0105,241.4993171,112.5,148.3086946,655.8901938,537.1456501,2973.124097,20017.40445,371.0225,155.034,16756.50431,239.31,15.3615,723.4297191,90.9165,38.07
293,691.2764,5.5337,0,56.763,0,0,3440.211322,3357.355231,18122.30918,0,17.16778336,17946.27471,22.3545,2328.709832,526.0054578,2319.94,0
294,441.1754,4.6457,84.939,0,0,42.175,4127.100244,4318.550544,22627.75556,135.894,185.6064463,6003.880593,267.9567222,23421.07058,988.3720944,8516.028008,637.8382505
295,359.0962,2.1783,13060.5886,451.6496294,32.175,5213.035477,1493.357652,6555.811909,10019.24582,17.7625,1368.771711,8753.32274,939.8896398,6546.793225,458.3293184,5088.740881,865.441368
296,453.1012,0.824,12567.7344,1322.017355,463.0074174,5945.747193,9117.575071,2026.542837,16229.95225,1520.831404,296.6920492,18533.87976,1487.298732,1245.297559,1474.313881,6884.510434,2392.971696
297,325.1419,9.6392,12264.00907,6814.60057,2086.459849,5170.783633,5330.863749,9469.591069,18649.8012,1308.25403,13700.56035,20773.70988,5569.006648,9735.176828,11443.28571,32230.34413,5584.415907
298,174.9529,26.0689,38824.56758,18303.1591,3179.843564,18940.24,39858.09426,37846.03671,13163.83633,36282.02039,43774.82801,15577.88492,46803.51163,14955.11705,36640.13625,24521.28352,11465.34971
299,329.1378,6.3285,9636.246183,491.0344667,66.1450918,1866.785266,10227.01925,5778.970734,20870.82871,1247.559651,2048.882766,16048.01474,8855.620429,11287.5196,4778.231125,10022.43273,711.6845
300,597.2182,4.6442,14364.10249,1182.059791,158.8210426,19654.16402,395.664,14514.80405,39162.62232,22.4865,220.902,5541.637805,59.922,40130.39044,584.1028984,8881.044092,595.9145408
301,585.343,16.2301,9134.518559,4355.304329,2892.131528,9193.571729,3280.831454,6691.703418,12557.30971,216.6125,1265.249975,8502.639305,2695.240819,5037.652713,4617.164632,18137.76984,1120.108418
302,387.1636,3.5935,258.1536182,177.6335,0,618.5906256,10840.54827,8277.763749,22383.73516,21.42,6637.272917,20280.15262,3655.738417,893.9451228,491.0142668,12820.10633,2068.585919
303,741.2875,7.0351,17.53,39.6575,0,24.8325,13197.94236,16133.72971,17478.67771,0,358.094,11856.61495,339.4790607,3312.847115,1590.417732,9297.894521,355.2
304,489.1759,4.8044,3529.198723,12976.95851,278.6996995,7281.107131,105.616166,2265.774475,11485.21263,47.154,530.591,10916.08338,516.2537629,19428.7246,4398.03289,23384.4686,6714.079047
305,531.3308,7.5993,18.15,0,0,31.59,36.55957928,4504.244268,7735.421375,12.54,25.8075,11843.01236,0,482.8439282,27.73739191,90.16,0
306,491.1387,3.7494,379.8045,459.4276553,64.77,497.0601635,1988.342815,793.8910182,9690.915969,31.84126146,134.848,521.3698979,291.452145,1617.260514,247.32,2523.894819,116.6950991
307,499.1776,3.6639,3075.888939,10742.20484,120.575,3018.301596,2525.837512,15984.40515,13837.84165,57.26,144.7698901,7191.076148,10241.69506,7276.280365,4877.807238,11195.87791,3717.960206
308,477.0676,4.4147,9369.850308,2923.804545,11492.25041,4916.573901,2483.396545,191.928,7776.752813,1419.841356,27115.24068,2805.477422,7476.122611,563.7942657,9487.236638,6630.13193,1125.895219
309,505.2076,6.7248,393.0415,43.829,72.9,526.5315,8932.494729,814.5215925,21917.40868,71.5,556.7881687,2629.864698,1355.078091,3316.974915,1548.617318,7681.700596,4733.148241
310,167.0315,4.6157,1758.279471,5670.974611,1772.975915,381.8070385,3879.859154,4107.1857,10142.52159,9502.128936,877.6283329,7383.816777,7326.487039,11742.13404,1445.716892,9960.036387,15338.24372
311,463.1805,3.2034,3091.006801,4608.657457,438.202,4775.200359,3062.829923,5805.426722,8041.476398,21.126,404.2985,4528.74824,1343.24933,22384.4929,911.4372561,11497.79354,796.0588107
312,515.4119,20.5374,54.52,60.23,39.84,182.92,0,159.9430383,12756.28834,29.2,0,678.9376068,78.28,48.3,43.68,5705.994297,0
313,329.0852,1.9311,4416.305506,3417.129165,333.2775,3555.964341,10590.22357,3322.301765,5376.051148,25.35,430.725509,1734.867189,2712.564054,3084.542273,999.1298932,4325.015405,548.0651736
314,179.0671,4.3447,216.7956677,11.297,22.58752066,50.9695,1628.28573,362.1255,16130.29856,42.563,0,2306.766881,186.8965,630.8227877,90.2575,4520.708316,929.2995
315,343.1165,5.6656,143.196,65.80115625,1809.572536,102.351,11095.49111,179.6078138,8916.258559,1135.237441,3041.496868,14923.842,8257.818296,233.4176428,5472.228891,6583.964983,5445.131559
316,497.3619,19.5259,73.505,0,50.085,62.37,76.13,24.3,10787.54688,20.97,0,23.4,0,15.12,34.3,26.64,0
317,293.1771,22.9571,2182.060189,2493.685,9162.979761,645.5826166,3982.515386,917.2533075,19487.79297,5154.052607,14721.74839,551.82,3197.59563,1072.922138,1311.265283,445.6723645,5753.911167
318,441.1971,4.9439,2157.662832,4702.818924,187.0656711,1762.2815,6519.411711,845.0711431,12827.7029,52.331,443.4400012,4286.829296,10643.51648,831.361587,6675.949997,3687.126214,760.2442478
319,471.2116,6.4579,53.39,66.1211646,0,0,610.276,30.984,7145.450006,47.1125,0,27.9,44.856,0,46.8765,32.592,18.584
320,551.2131,4.6612,5333.205404,162.4132907,129.481,7271.397237,39.675,6769.803765,19306.48175,0,44.0045,6756.776925,145.551,15888.18903,843.908191,4735.259099,368.5340075
321,327.1208,7.7985,27.45770294,0,27.07872412,123.5862361,1075.677401,4639.518644,9455.957842,196.9125,172.1349457,5613.485627,373.9457666,1614.029677,1307.172444,2348.392571,39.8475
322,553.2616,20.3535,40.2,43.25,72.59,0,1877.335,480.2763959,102,50960.03922,15377.62705,251.8331177,108.81,1256.184148,180.345,3554.504648,35175.01109
323,1003.73,17.3231,0,0,0,0,95.67,56.28,43.89,33159.56672,1189.135073,0,0,32.235,4831.046279,2997.182438,34656.24047
324,487.3422,14.7654,140.331,81.1395,75.00487842,640.6236479,3961.763446,745.5677508,772.7442776,38825.45442,14579.14751,1956.176208,160.5142136,1850.837699,7933.773166,16907.33967,105116.7344
325,907.6854,20.2459,0,41.995,0,0,148.555,142.86,0,33493.95141,7283.030156,42.9,92.69,234.73,80.6,52.79228394,3455.316714
326,547.3634,17.285,188.65,84.63,124.12,152.1038741,2121.521977,279.33,171.4,27800.71828,6448.181645,451.95,190.8080908,260.6857971,12367.09836,10276.64062,27162.31664
327,299.0887,9.5983,0,0,0,0,0,0,0,17793.27977,0,0,0,0,0,0,0
328,519.368,15.4897,172.96,676.493,45.2605,1158.95975,745.9598672,516.0620051,281.3384097,26578.82602,36897.75086,1324.000451,1251.822356,3107.753187,15221.24001,47262.18536,100496.1049
329,499.3421,20.2652,116.07,47.67,285.1875081,95.22,116.6654031,4182.838994,583.9809375,23024.20461,13678.20215,1116.989673,1394.384639,1066.37019,1474.231068,2756.711664,11071.40217
330,515.3372,16.8422,1018.435,81.245,127.9413306,1994.773716,263.265,1574.956318,375.7042212,38116.78355,2436.049888,1977.49364,107.595,1272.79656,1154.181797,2965.655288,28137.59592
331,521.385,13.6677,64.766,17.016,37.689,39.75727501,631.6925,59.0295,581.023,32902.76216,730.5785841,156.0596943,381.86641,315.144,2113.961219,2621.077801,9854.232445
332,583.2739,20.7014,39.15,0,37.6,798.1168628,0,90.64,40.65,18933.29504,242,312.4228619,166.88,678.185,6859.73395,7618.951477,37613.76508
333,939.6752,17.039,0,0,0,0,0,0,0,21842.26789,0,0,0,0,0,0,0
334,563.3585,14.5333,71.652,18.67,64.08242163,46.599,73.32,36.495,453.1001837,14087.40451,158.806,42.625,31.7475,36.405,289.7675,573.8291125,2376.389965
335,617.4079,14.9837,0,0,0,0,0,0,0,15451.56308,0,0,0,0,0,0,0
336,549.3794,16.9416,2336.823818,8366.645244,662.52,2885.636016,1496.0771,766.7061511,253.125,14896.32824,2587.712946,279.5,196.9265533,2209.529194,39577.3698,16313.47812,110928.0495
337,623.417,18.5485,0,0,0,0,0,0,0,13262.68664,0,0,0,0,0,0,0
338,515.3367,16.2598,36.6,0,63.861,359.7135,318.5615,157.1677422,265.5547095,9479.575371,6074.166138,376.3786547,145.912,739.129,893.3815327,852.437418,20467.54338
339,471.3467,21.4167,16506.06133,294.285,346.22,6467.903079,964.2302393,16434.39189,276.985,13589.90836,1007.37845,20185.89141,1476.858066,4112.014678,2572.84041,10623.04276,15922.67251
340,143.0321,2.6818,6799.024743,1308.111839,9145.409735,3999.384947,2865.682961,252.6035,955.7755,5931.521481,1674.679295,4023.450816,2853.871644,1351.34628,2778.141148,766.7513687,2039.129886
341,295.1312,10.8271,3810.676691,3031.324794,3351.209279,3052.720169,19010.70126,43638.22698,5005.434407,5977.166984,27288.61897,38411.30186,126053.1003,135476.8707,22621.24215,79731.38449,20941.3582
342,316.9915,4.5132,6011.506699,1000.616223,29140.62358,970.8128027,263.0217773,23.696,1311.144525,19810.46189,13182.8758,0,2387.294716,48.7575,1232.29803,2581.417441,47.268
343,830.4745,24.5934,18410.47744,16187.10727,2972.624419,9233.282334,10064.96953,5536.613145,41.86,10535.24219,5965.271367,12073.90771,20244.68223,5656.5829,16058.37422,11921.68689,8647.388823
344,501.3577,19.2775,399.63,200.3351035,127.27,1706.728176,229.78,338.4730185,3781.63772,5385.802061,5015.960793,127.19,35.17938995,611.6320184,2136.265909,791.8533649,3058.254407
345,483.3465,20.6317,154.1777829,0,292.8304172,2122.936555,315.41,403.495,0,9901.687734,2659.67875,1149.707244,645.9108856,3116.203159,10343.64277,10083.00208,38330.78617
346,305.0279,4.2701,984.2430146,4111.715899,7529.308413,3424.798915,4588.895436,744.0582957,689.8002797,5805.98857,20394.06436,168.3094623,17590.87434,261.1818539,36030.90117,8942.222941,34.68
347,469.3318,15.695,40.288,50.1575,124.0815,237.88,1411.842824,284.0936592,288.0156358,9949.648896,1143.396452,389.132183,160.5135,172.7872109,1504.865099,7256.484646,7095.835698
348,219.0481,2.5207,3596.036587,1292.580183,12235.64436,4683.861328,1562.616695,434.3669426,874.7522657,6549.288094,1146.942982,704.6243269,3081.129023,2138.856124,1524.980187,617.2205,1422.431968
349,487.3418,15.511,68.103,80.4555,63.405,118.475,945.9798724,253.3291565,340.7199557,16118.60259,2294.069804,437.2953326,142.636,239.41338,1727.689434,2931.309191,10590.74173
350,633.0725,3.0431,7731.851211,989.2920547,6506.863531,5176.728331,70.9325,231.6441104,0,1981.1055,121749.1098,0,1229.00103,29.589,26678.26819,65.27879822,38.7625
351,663.0833,2.2125,108.2675,36.9425,2430.228014,106.492,21.109,26.39,0,41.2695,57335.1273,0,422.9949713,19.356,9094.756972,0,6.21
352,815.097,3.8967,139.0625,24.42,2652.963434,359.9987315,42.99,6.032,0,199.4225,101891.7718,35.9295,29.812,17.78,2604.001145,12.6,36.309
353,467.0363,4.0111,1868.524817,1281.086567,4224.732938,4394.954458,56.7375,69.224,33.06,1954.143944,101724.0135,19.344,1044.597872,0,10982.33611,10.998,24.21
354,935.0837,3.993,553.9228121,384.32,851.0234067,2033.562954,31.031,10.6785,0,703.5724143,90708.53437,0,292.9905,21.008,3436.799635,0,0
355,801.0822,2.8734,101.9905,42.33,559.6446154,63.9480108,0,0,0,40.0497261,31931.07932,33.09,120.786,0,58.4691579,5.2,0
356,407.0421,3.8973,105.316,54.522,1106.445342,261.637,33.285,0,32.062,7.7055,49312.79592,10.17,487.209,25.721,1876.80168,84.749,47.889
357,629.1869,5.3258,33.255,0,0,61.27,1133.122459,1874.034189,742.6442765,305.7243268,26241.61924,3155.52733,5988.260248,720.1591163,16877.26748,719.2304683,0
358,815.0982,1.8964,75.33342972,148.592949,5920.566973,360.2831302,0,0,9.595,114.8962262,29070.41377,17.644,363.2624146,0,2098.754226,29.7945,0
359,827.099,4.1197,2555.538706,1760.094983,201.29,2324.096367,34.25,0,10.71,1051.935739,17758.35826,36.918,8254.081527,11.58,5880.691437,58.925,13.932
360,967.1072,3.876,215.18,184.0425,10913.33737,218.3178783,15.435,84.64,29.859,111.4880209,17816.3062,20.862,25.984,0,8988.662724,9.171,0
361,468.0441,4.2809,1577.485,2982.432444,2199.475627,4698.916318,42.2205,26.697,116.894,565.148292,21779.94418,15.457,4456.791086,61.215,9909.665444,201.824,46.984
362,316.0317,3.0683,2077.441816,93.936,838.8275,1770.212826,26.28,0,0,662.9211685,25369.48256,33.775,57.1225,29.9145,6852.519956,22.08,0
363,469.3311,18.4334,21.195,0,33.005,189.43,38.85,223.9863698,217.39,2095.759095,21315.31195,424.8551776,64.51,11448.98231,1156.264268,6477.354954,9349.15416
364,533.3846,17.3675,368.450238,291.31,31.08,824.083656,2360.513795,1097.866707,62.73,943.3485089,16433.15936,906.1446619,1184.111336,3594.411459,15801.42761,9091.498916,18389.72242
365,482.0405,3.2564,287.57,248.8235,7868.43416,351.692,34.4625,32.781,19.8535,1330.486497,25665.19638,59.5175,89.114,27.0125,2753.333,30.198,0
366,469.0505,4.8565,7287.0377,4679.437211,6702.225666,9277.917589,567.4155022,351.833,146.991,4964.026227,9699.232166,42.2385,8923.196797,263.7225,26475.06447,564.616,76.682
367,967.0512,5.3121,95.04,0,1552.626238,60.025,0,46.5405,34.18,0,15095.04734,0,1035.18,0,424.7680583,0,0
368,558.0456,4.5496,194.549,256.894,7369.591998,1537.486278,29.376,24.108,41.0515,201.5305139,30907.25438,64.814,33.694,39.411,3688.706709,78.732,45.556
369,325.0179,4.3881,309.3531547,261.091319,2753.628907,189.6782211,517.1025815,12.735,148.3534161,4029.406842,12810.87551,0,3928.24898,46.6125,9892.449492,419.904,37.9055
370,378.0404,2.8104,67.464,35.574,583.6105,42.7385,88.3225,14.49,27.353,53.284,11593.472,33.4325,54.107,0,125.076,7.28,0
371,635.0891,3.8617,4014.898337,12375.9788,12873.09413,6552.10767,961.2630298,870.5234566,61.233,4293.755649,10222.91469,0,16157.68876,253.559,63132.91142,5417.902576,87.89
372,951.0805,1.7919,26.519,15.717,7606.830142,51.969,0,0,0,0,25811.45366,4.8925,24.456,0,178.7905,0,4.7495
373,559.0562,4.7062,314.105,44.418,342.132,173.9408398,41.847,0,334.0136319,155.115,9713.416772,0,139.311,47.75,2262.776002,49.55020093,39.6125
374,345.0805,1.4034,632.9401982,1374.933863,4392.740187,333.7127088,2075.271166,40.919,21.56843877,1026.727785,22655.74107,36.25,502.439283,30.757,244.6262268,304.9220982,1287.293608
375,501.3584,18.71,184.6526788,55.16,90.09161865,370.2750732,2215.161182,462.8980157,620.3716559,5314.814604,15888.56304,1221.946769,2411.720481,4087.692644,7945.41738,26260.10277,63455.85414
376,487.3773,17.3809,81.9,114.11,0,760.3662305,1119.987827,93.60665192,22.14,76.95,10898.93057,371.7383698,462.6141669,2391.134427,8916.908774,15013.08045,13296.37312
377,453.335,20.4272,59.475,29.2,80.64151123,477.9211856,2360.650298,391.0429834,128.375,2902.862255,8609.348203,1180.201807,975.5351147,1552.152332,6507.541599,19536.76955,26416.19334
378,685.0655,2.239,64.593,0,190.2774602,138.1,13.689,0,0,19.344,7763.616172,0,48.285,0,1601.233687,5.796,5.782
379,327.1219,6.9756,1116.823714,493.0336453,5389.890544,383.913,3197.500125,343.0947617,889.8631053,1837.995988,6255.212398,1720.45205,4296.483465,481.968692,15177.14434,7066.196646,1743.883013
380,485.3272,13.3647,0,36.6465,36.597,161.025,63.91,224.2542746,253.6434354,1313.71449,5688.82527,278.835,161.925,524.7876881,1714.731893,880.7154181,6749.385725
381,325.1059,5.4831,10044.25421,14063.91603,8236.435598,2657.039337,3656.700797,1374.66932,11673.01983,3262.051688,12448.94345,18990.05619,11607.0312,9033.577277,6161.371763,50314.22029,10438.68997
382,400.032,2.8101,64.4395,20.034,494.402,16.896,0,7.885,28.22,49.288,7175.736219,18.7405,43.9,0,68.629,0,0
383,663.1443,1.183,16.12,0,1905.898571,21.9095,769.3932404,0,17.388,25.553,13559.07218,4.8185,934.2005721,0,9216.239328,39.47787634,0
384,483.0762,2.7794,5283.380325,4451.600683,2450.495997,3013.381621,3027.878158,681.7697634,381.9732648,1703.730268,5189.03947,38.0975,11196.23033,253.3668994,126191.9451,5425.271931,387.5602133
385,927.1132,3.4988,0,0,0,0,0,0,0,0,6968.97691,0,0,0,0,0,0
386,499.3424,20.4201,72.04507736,380.6915515,156.8366162,340.5275494,4845.342795,1112.890515,177.0715714,2070.604678,7400.918145,2666.306528,1451.292126,1728.578315,10788.81406,20423.70576,34585.74354
387,794.0652,2.0743,0,0,0,0,0,0,0,0,10261.54533,0,0,0,0,0,0
388,953.0923,3.3269,150.6625,33.1895,4031.230411,247.874807,0,0,15.21,11.913,13858.05228,0,0,0,393.1872452,33.852,0
389,633.3786,15.7842,6144.897154,739.3987313,1103.260379,6374.833545,2494.120185,29855.96303,1019.111648,139.4057034,103.4233164,28817.73146,357.0218276,2415.553345,299.1647133,1241.869863,206.302
390,337.0909,2.9598,24970.21189,1785.950623,886.6046803,6279.639571,6978.228023,11154.60748,4363.103,82.48521539,5069.727425,28240.10501,1164.8543,185.6385,9876.723328,5169.762113,4816.860625
391,295.0789,3.3697,13.7295,16.8135,70.8275,0,860.5004478,10705.76675,99.9,288.313146,843.1705129,24911.98191,10079.54229,42.672,269.52905,2144.794875,150.5036529
392,561.234,7.6725,19.74,27.982,35.538,33.251,39864.01846,5851.173225,16501.03854,24.07910111,215.9255157,12469.92298,11785.37628,43.89,2391.470836,6199.703955,0
393,499.414,23.8568,0,0,0,0,0,0,0,0,0,36887.89844,0,0,0,0,0
394,1207.825,18.6062,699.3479663,0,0,226.3630408,51.06,7209.829932,0,0,26.64,32779.52361,0,6440.41088,26.1,32719.54213,40.5
395,299.1628,9.1203,40258.81866,767.3548284,315.1415,44874.74521,6812.261812,10315.41839,5499.036104,644.0159211,6832.83109,12381.65887,19273.53525,18737.45983,11579.77271,25110.63787,1428.677195
396,1015.388,4.7821,19.998,0,30.204,0,0,27816.66344,0,0,55.195,10189.65267,65.1255,892.9234595,34.1875,747.586318,20.6115
397,323.1263,9.4989,565.3452627,163.5705331,3877.446377,142.605,4303.736952,8395.687854,9359.351017,5122.876458,8098.587613,11820.62142,9250.542929,13055.71127,5862.478209,27333.23987,5759.904555
398,211.095,9.2536,1190.277842,2166.548532,34.24,868.2835884,108.289,1628.159413,0,59.254,32.38,8928.335411,637.439,2956.748125,167.354,507.25914,252.3520706
399,375.1421,5.2858,111.8735,42.5865,0,17.094,1050.261079,8362.816365,12761.1532,318.4418229,117.328,8278.346308,519.7943942,4992.793494,711.775,4752.86759,92.08233441
400,327.1212,5.3993,958.1659532,7539.709603,1330.952542,1254.082989,2095.651401,1914.463105,7388.068256,1945.174083,12487.98822,16368.42261,20355.67796,13039.70798,5742.65303,40429.74625,7499.151079
401,137.0216,3.0592,960.9357842,1986.580473,120.4983567,365.4243069,7149.925876,9695.669363,13764.89693,8389.402622,317.2545197,6830.120117,2192.853667,15886.07438,1959.213954,13551.8006,3749.774952
402,461.107,7.5137,33.046,81.67660529,112.3235,20.28,39667.04339,1906.262473,107.4005,919.185689,1628.830991,812.4155338,77320.51677,1398.758125,86885.34,18907.55267,3222.572243
403,923.2277,7.5197,34.9875,0,17.93,47.7015,2370.956706,0,35.378,33.24,26.697,43.392,27145.97792,0,30897.94505,450.5137745,51.542
404,699.3816,14.341,4622.650994,38870.12089,1101.337143,12420.31091,73215.68397,2988.832335,132.855,64.06702315,2576.321329,7957.955872,30950.60006,178.1755,18643.52523,16592.36979,6017.978399
405,383.0595,3.8549,202.6610718,1758.877,958.1891787,157.0697802,8477.373509,193.5665,68.8917106,1058.650657,6594.890723,121.3915,18758.99867,47.731,21965.22004,5085.352549,227.0225
406,313.1414,7.6315,990.5947985,789.5855126,306.2930728,374.6066399,225.4515,547.5958066,770.9133276,405.0136941,7265.581812,1661.439328,17756.23039,1399.770703,7530.857761,13662.18686,2280.427502
407,955.2202,6.7023,42.126,0,31.0575,0,277.684,67.0995,0,16.4565,61.712,0,21235.81031,0,72.88911694,45.071,28.847
408,787.1017,4.4563,1603.488414,6728.576066,348.9102869,1654.536028,142.911,140.112,79.362,321.354,3247.932006,43.328,20725.48781,74.095,25606.51909,201.3448799,55.35
409,541.0826,3.2602,914.6819084,694.1469979,43.53,270.3581168,333.2197222,213.6875,349.1874468,2733.888169,1203.440273,102.03,20672.91333,93.474,6180.361474,1340.780366,0
410,483.0765,1.8859,4954.355061,4910.699042,5823.6441,1908.375619,642.3608124,148.317,740.7422292,2139.382462,11924.17136,73.78880902,16503.16554,702.2313288,21006.86999,1199.162473,41.9305
411,541.0819,3.477,953.0837542,214.398,109.44,181.6603925,316.6705735,41.536,302.6194895,3905.244803,2009.370534,74.983,12038.84451,96.631,8172.934862,545.014442,0
412,505.3014,16.319,1239.710307,10112.94278,811.1761655,3402.854713,47338.19464,1965.035407,64.48,197.8309445,481.431,4432.232605,18753.61075,91.6365,25817.38449,11894.22092,8668.765072
413,369.044,1.9933,590.7682211,1142.057895,603.842,377.7195,2950.418857,156.17,252.966,582.4471134,4774.4425,33.372,8969.391105,64.4385,29258.45612,1816.778129,21.2695
414,515.0446,8.9461,413.9642397,1043.668408,844.7774521,29.997,1270.903318,17.745,142.6515,301.2540821,706.8407378,50.0055,9874.483949,17.7625,1682.458899,1801.908045,444.5426765
415,313.1424,6.5948,154.1425,38.3955,34.0685,95.209797,655.9167889,201.324,113.766,263.089,7465.561593,772.247433,10463.27163,1229.147168,16661.36198,5557.778823,529.5772214
416,427.1806,3.3751,543.6724149,3637.831378,0,237.588811,462.0064626,90.4155,436.2128637,12.204,0,599.0815,17870.11791,263.981853,2749.083887,1037.316528,318.828175
417,845.1092,5.2058,293.72,2806.966847,57.61792181,58.1955,114.7965,0,0,66.4355,295.74,0,24105.75148,89.8405,1270.561881,372.913,0
418,529.0948,7.5014,33.165,0,18.744,31.551,6852.280889,296.359,27.19,108.410129,275.416,69.09,10494.55694,218.7938315,12100.24433,2682.822764,222.780951
419,269.1365,4.3996,4223.164117,9147.715773,88.58929364,1786.659014,3500.997046,957.132,2634.782973,0,65.2495,11754.00934,7168.215998,1454.871452,10122.87636,5437.656969,3040.25093
420,619.2344,7.9912,0,45.4275,336.5864546,39.65,2314.0615,154.5359963,158.0935,3132.118813,4560.590864,2936.714664,8366.809652,440.964,145.044,1398.349181,371.84
421,483.0769,2.354,1129.0915,436.334554,771.5412638,226.2132855,1586.903931,386.0134326,127.386,1702.784373,3085.738057,128.9495,8256.338027,88.8725,99070.7313,3881.856975,24.4
422,537.327,16.0939,497.6068145,2843.416744,656.6490479,1231.10884,16984.5532,1226.753028,123.555467,3022.862217,424.7764988,1223.593888,16831.15431,261.731,6737.882682,1543.232069,3254.799674
423,1187.533,6.8319,0,0,0,0,0,0,0,0,0,0,0,38183.30984,0,0,0
424,459.2002,7.4176,4219.586555,1949.029921,346.0038434,5403.165252,875.6334927,1811.250229,1739.712133,24.765,374.1163405,2819.44061,778.0164553,13060.07821,29484.57458,10104.89807,3280.158216
425,297.1472,9.7375,4983.88525,123.356,1061.693631,160.7396285,306.2395256,328.4925,952.9763691,163.9145971,3987.577857,1393.688462,3284.715167,18743.01882,708.7687617,22778.68428,447.124
426,457.3321,12.7169,1184.242866,73.2545,1990.134077,1820.165575,12.3765,777.8479229,314.931,26.336,146.6345,7903.313911,388.5305,28087.60267,34.656,1234.398084,106.0705
427,517.3534,14.4098,418.5616045,330.3919701,689.6407184,554.1102282,193.7137207,196.9533604,728.4596937,16298.48475,335.7635,1348.689325,178.4635,12728.84053,1968.182493,2340.327058,3573.405564
428,637.2498,6.2129,30.381,35.684,0,77.112,40.99505956,2583.483431,1886.698434,38.974,22.24,1367.277339,42.432,10019.32181,146.357,3431.077854,64.8955
429,304.9125,26.2037,39416.25886,7718.861664,135.4489502,7584.023872,33566.96347,28081.36673,294.8846576,25836.6641,41440.24125,37.95,40984.52688,10255.51837,31650.38754,20284.31137,7079.403735
430,453.3361,19.6133,1063.165,72.4,811.8568652,7885.662285,5639.708438,5759.954467,2245.915715,1773.823357,7903.337607,8055.487059,2985.404657,18120.1495,88260.38504,62294.29687,150484.0988
431,959.4005,4.8431,0,0,0,0,0,0,0,0,0,0,0,13438.28325,0,0,0
432,567.2093,4.9187,4735.90399,111.9949655,477.8984142,6963.19678,181.387256,6103.359026,11468.32242,34.9635,243.8193361,5461.242232,103.3735,9346.298076,580.4960455,7863.480199,501.0133872
433,591.2435,6.9301,148.692,34.358,19.456,156.3835,48.93,129.2341306,350.1843509,26.829,20.061,164.9535,93.5755,6665.001582,183.5833727,2833.582742,135.5798304
434,509.2028,4.5707,802.7261815,288.7202585,0,0,1005.43176,1838.655748,5761.920162,57.0605,47.082,1942.464851,971.0143895,12267.8325,270.2140576,7017.304274,192.7094999
435,507.186,3.3772,69.867,100.3455,0,19.57,157.355,84.906,1651.919682,15.27,168.5065,770.6577935,27.7625,4725.648813,1520.641473,4740.419365,615.9844344
436,561.195,5.9772,51.382,99.687,94.094,57.435,5209.440712,14429.82458,14563.57441,365.2165,5625.196781,17696.44594,5681.55821,16152.42476,853.8034895,6557.065338,46.508
437,540.4916,20.5532,0,12428.22021,3202.970493,4778.977712,37.845,8457.009595,0,622.9856305,20372.37621,10264.05732,6099.975811,8385.025918,4454.49425,0,4244.519453
438,1057.755,18.5858,0,0,0,0,0,0,0,0,0,0,0,6362.893491,0,0,0
439,283.0588,10.2229,235.4994247,80.24,352.1365432,3288.518818,4322.716854,1535.99779,2728.939254,318.4645206,611.7484213,1739.245461,164.1293987,2306.029515,65936.54025,39618.83733,50981.90307
440,785.0869,3.8269,878.5866699,836.3581616,1993.919761,287.8024451,34.392,186.986,0,240.565,9405.239855,54.473,3017.473966,0,28785.3868,268.9624283,0
441,313.0687,9.249,126.7855067,62.0475,149.1922605,2345.443038,907.1417017,1290.952011,751.8356968,18644.35945,2168.842716,360.6581418,140.866947,5313.188059,14197.7847,28359.80367,244220.2582
442,845.1796,5.32,0,906.1354503,0,23.8095,4500.69267,0,42.725,0,0,258.048,7022.673583,93.898,18875.35523,394.6705,10.422
443,629.1858,5.9751,53.8815,0,60.825,13.671,1210.36735,1430.986576,2411.19741,679.5499263,4880.977643,2297.381815,1558.097834,3209.296483,18799.35665,2367.757735,14.949
444,491.0825,5.437,707.7834266,11411.53248,567.7969834,490.9796208,3596.240701,281.6637249,188.9074896,257.6822959,333.4935,361.3041465,921.6002158,1002.555101,17762.96878,7719.619416,280.8089714
445,469.3319,16.3317,89.8035,0,455.4825928,1408.769615,1681.041,868.2565704,2720.281541,4533.567639,9386.05577,1603.384044,61.8825,2118.593682,17700.3578,70720.77339,168796.9438
446,535.3642,14.4257,2082.530671,10620.64518,357.740285,1021.110633,922.8377715,767.8605,354.6006161,362.5431732,219.1196071,226.788,356.5771277,3279.437512,10160.89665,53856.60366,69102.09684
447,857.1092,4.5548,164.0585,1654.961108,33.7255,302.4717975,22.212,42.566,0,141.0735,11927.2271,6.36,208.0658247,23.837,11071.83223,46.143,16.9575
448,392.0368,3.8319,456.5106263,263.523,1236.523951,523.6728284,226.5455,57.81,60.09,750.8383436,12112.34293,47.7825,2038.741982,0,12628.37719,205.532,42.22
449,633.077,2.3908,13594.5549,2414.091075,10436.42359,6216.884525,21.8295,192.654,57.8175,2807.363886,54419.99193,0,4538.238233,33.24,20700.07217,211.2392878,0
450,473.3628,14.8278,718.8108102,33.816,37.168,3720.837192,396.8511318,1280.055678,779.4931274,4250.137645,248.00064,1919.810108,411.4575543,7019.860856,10448.71633,46638.23073,158797.3347
451,311.1262,8.0301,196.207,1146.909,355.6061072,60.564,5067.921043,741.3099294,905.807127,1925.101092,8792.676417,5513.056162,14819.96805,2618.951268,10272.4196,4081.893003,1803.556027
452,655.0571,3.5133,1568.514818,1779.155854,3811.730704,454.7910081,91.63627835,147.226,45.136,1475.596644,6216.150731,0,8693.250205,36.139,21955.93662,131.2799695,15.372
453,505.0567,2.7807,693.0984889,459.6576891,267.860159,478.0678641,657.0817616,310.501,182.0225,104.3167859,1231.937,31.9315,2207.514863,73.68,19465.3681,1195.152464,75.0975
454,549.3786,17.4975,1175.664209,1507.993474,982.7203436,989.1066907,388.72,354.63,164.385,723.0623376,2709.578513,138.1980743,125.42,661.2980774,9394.518193,7885.000342,67379.24557
455,329.0271,7.0987,4131.741036,1131.785273,1061.906244,14789.71304,6039.741293,283.999,3253.639841,2229.470861,1310.839312,1026.810661,3333.606773,3607.173055,5301.233752,1357.920618,251.7419046
456,563.3951,19.088,2353.666716,396.3159052,40.515,340.0777197,708.59,134.095,29.835,256.231582,105.2217389,37.26,0,851.4597961,8745.531592,4709.758357,37921.55891
457,519.3679,12.7425,109.3925,203.7035,124.9399183,874.1315,522.7573291,183.3651626,234.9777354,1770.409507,477.211,389.5934132,92.98,1801.741519,9736.296223,44959.26309,150242.6077
458,485.3267,15.2657,147.2820595,0,50.9355,58.58392548,833.6030679,632.339254,344.5002598,1217.998626,2601.105852,429.1156538,53.361,982.0077338,9882.040849,22637.85777,23049.88378
459,577.135,8.6129,546.3104614,2625.366144,130.8915,290.4784128,13523.43205,58.7225,281.5515449,722.1958262,19.44,1152.037743,20336.6027,187.3741322,5462.365195,5178.797772,0
460,505.0582,2.6055,177.724,63.441,190.026,111.4575832,212.272,135.7222857,19.228,97.93903864,598.1027509,22.7475,2253.333902,37.933,11406.59676,1065.830487,54.876
461,331.0644,1.481,4101.241707,3896.884659,618.8796909,2224.429446,975.9475305,61.07667896,873.6141551,237.169651,1568.222417,255.0596406,3122.269633,1009.338527,12133.4792,2919.360446,190.1291258
462,519.37,13.2227,69.9255,60.69,168.558,821.0825752,163.3412321,251.9086177,100.1283238,712.2329014,326.7880243,196.0600687,49.8185,658.803174,5319.5466,32441.24582,120138.8851
463,493.2061,6.276,75.6370061,131.1272607,149.435,502.14875,8140.769856,7969.833566,22493.97699,92.819,343.8981003,13317.34673,954.2854189,26108.55439,13450.96127,23586.50513,313.9369297
464,269.0434,7.7794,712.5978628,203.1847516,129.5075937,243.1549055,382.779,299.772,161.6035,1374.667682,217.138,179.6095,80.4465,900.0227036,5588.292398,8296.146838,41067.42609
465,455.3522,18.6881,515.3433627,36.3,529.0743192,792.2485806,2277.780886,2773.256707,242.7067938,1272.469062,9112.06,5212.718687,3735.867495,5122.246592,29813.51686,69484.04836,138630.8183
466,907.6868,19.6081,0,0,31.59,121.055,104.265,136.585,78.57,0,115.13,62.065,38.115,1077.165,37368.51118,47011.29328,212432.0702
467,587.2431,10.0675,4003.624481,1126.5975,2088.605033,1123.922124,2118.001041,7025.90515,18532.25863,46.704,3609.508517,19517.21705,2875.04293,12933.91285,6691.011654,24905.81235,5431.476893
468,561.3813,14.9508,104.526,63.405,33.4805,642.6522255,163.525,185.4479024,129.801,333.0850914,196.9505,216.3054042,43.659,1590.80574,16519.38359,23030.14369,140755.4849
469,535.3644,14.7511,703.7120469,3638.261033,118.4505,959.4174863,967.658833,174.2897537,38.799,459.0434854,582.4644131,57.2615,94.783,481.5746871,3827.260616,20928.2192,81476.87006
470,489.3575,15.7783,187.7285,679.7935298,33.33,231.9316435,1282.753132,195.085,182.666,359.2880331,5559.033486,957.6136346,3391.10126,722.1049752,3352.913864,33224.47883,24713.22573
471,627.2965,5.7587,2413.381439,218.706,0,143.513632,676.3445,3881.629641,6567.38182,36.036,6625.391986,4098.236461,1055.338219,4300.13243,225.1512328,20795.23848,2562.313653
472,535.3622,15.3129,1594.004991,5157.211083,72.0555,1154.446908,837.1969976,286.8015,141.2325344,1068.129024,876.1689823,170.493,242.3029948,2372.130622,17002.44122,12682.05268,72704.59358
473,329.066,9.4042,113.8845,253.7750727,25.0945,1041.161228,383.5951568,301.52409,131.0202209,1279.745663,238.9619825,184.032,0,871.7292759,6318.297573,11082.18926,81906.36337
474,449.1092,6.0173,175.0435,37.2505,32.45,80.506,65.79,86.211,1926.460031,55.27626953,0,2153.935787,31.042,9515.05543,118.9229493,23975.44194,254.9385
475,531.3687,19.2383,57.04,164.14,37.37840424,324.1109534,116.775,920.2884412,44.225,2734.728032,739.7913196,311.0660036,110.11,964.6076416,8072.489917,8450.793691,214279.6329
476,519.3678,13.4505,588.7805,14.308,45.8425,1488.707597,406.708364,531.8475,768.8308058,830.1710094,675.3570711,424.2795231,250.7933174,1358.9197,6912.282621,10536.03783,49824.08552
477,911.7161,18.6944,31.14,0,39.78,0,40.02,0,26.375,0,153.51,51.35,19.44,0,1391.544587,8824.376001,35160.08844
478,695.4032,7.9373,5914.133095,7641.205394,156.8090107,7155.735826,32.886,2063.079946,427.8174202,37.82,113.4,5347.323101,1407.610872,9769.079341,938.949,11034.34646,7674.527142
479,519.3674,18.4848,177.9405869,642.2215491,126.97,474.8269238,755.6423688,315.2621571,1039.591743,240.0759503,11922.29673,174.544519,955.850448,1187.333301,3324.459888,13681.1875,52637.5466
480,499.4129,25.9877,0,41.2,0,3377.716689,0,481.0235062,0,748.575,842.595,770.227373,220.9,534.0256335,184.9927643,11838.47602,625.005
481,509.1665,4.3272,0,123.336,0,42.23,0,522.6093598,1905.500619,33.876,134.6845,6771.88009,447.9357268,710.7120582,1405.292852,6987.190375,128.8625
482,515.41,25.0647,19226.46322,0,49.65,73.83,96.3,0,0,0,0,38.28,0,50.17,33.15,12674.87891,76.95
483,361.1036,10.0584,3655.934989,1746.256683,4163.046164,2264.027042,3349.981722,8400.102062,9272.601495,124.3267505,3934.4305,12905.77641,4251.391997,10955.73602,6906.260493,9829.236539,5344.218567
484,345.1318,3.8929,0,405.237,54.29866296,39.444,4314.23491,956.4845764,2423.874231,100.730663,4444.294947,7657.855445,5370.470088,3049.108263,11516.89332,13181.73554,7904.773695
485,475.1948,4.6617,923.3679938,833.6671787,0,931.825,310.345,1709.011543,4042.817511,0,958.6179473,5349.857881,446.5295007,5875.614168,3739.131079,8562.774797,305.2235898
486,713.2621,11.3606,7445.916558,310.195,2089.737295,3738.059686,135.0142266,1382.196179,47734.94149,11675.0406,318.5105,11180.6059,67.1125,273.058835,144.372,8091.073726,1031.869801
487,577.375,15.1829,33.852,0,22.61,177.0244736,66.2055,110.038,60.632,1065.469321,57.668,224.728,20.638,586.2013577,4030.530523,9381.833809,20359.82855
488,519.3695,15.0233,235.693,943.3601028,102.614,290.9865316,1362.586138,298.0216418,1578.104359,2785.988833,33524.01938,1017.142194,979.9902,3897.760459,15476.31933,61204.06423,98606.24387
489,471.3466,16.1327,44.265,0,89.28869739,421.3926194,359.3522823,572.1653396,248.9665283,2368.925284,714.1354317,826.4291736,50.985,1969.327464,8741.652621,39980.93563,59436.23379
490,553.2619,20.1691,143.39,0,59.4,321.66,5782.89467,3364.664668,127.27,87700.36009,18153.32984,809.6734286,2521.262966,2321.636046,8484.595826,35847.66601,39534.8048
491,947.7386,15.2391,0,0,0,0,10.926,0,0,2845.291819,32.623,0,0,0,29.125,10328.8092,39101.55426
492,471.3452,15.572,53.732198,52.249,90.2625,245.1001302,459.5697212,479.5231766,388.0920126,4606.147488,11597.10308,548.0640211,319.6044128,3172.441566,11005.77675,35893.54576,84443.65258
493,979.7313,14.4375,0,67.08171671,35.889,0,19.428,0,0,43.0095,0,0,32.406,0,669.5596111,1804.142984,26839.81411
494,431.2785,19.4968,142.5835156,81.45,178.96,607.8080994,237.8,160.38,0,305.8147244,342.2646002,937.2033093,23.04,1595.945822,4745.20106,8673.838906,30274.34758
495,577.374,12.1778,49.9275,0,21.8295,188.6075,104.664,158.3011552,60.65,133.63,18.343,164.098,28.225,719.0370618,4074.622806,11588.10513,24720.9108
496,313.0681,10.5665,30.932,0,0,283.6216511,237.8035,206.1652513,367.3126634,385.5093151,212.0245,120.491,144.4865,731.2346395,9046.439697,15202.37707,26262.55945
497,511.3432,17.5972,123.1130069,63.42,0,290.0996906,70.18,169.0593274,50.225,235.7430518,92.25,425.8124261,0,308.8004437,2377.567739,6491.649355,22770.56047
498,967.7111,20.6372,41.36,0,0,74.53,46.23,377.7829144,0,2037.98984,51.52,0,0,281.2114215,1702.734771,3789.671661,21301.14855
499,947.7394,14.8116,0,0,36.586,0,0,19.416,0,388.4555,0,0,0,20.55,74.5485,15831.4195,26140.98765
500,627.1522,9.2769,0,16.755,17.82,62.988,0,37.187,27.027,40.3835,37.168,36.405,25.885,53.919,320.93,1418.422343,16802.49145
501,565.3739,17.4327,7229.280176,0,319.6,859.5482495,87.58,26.62,0,109.16,345.7145905,20.25,69.90577721,398.275928,5193.570764,5739.256206,45969.11238
502,565.374,16.4704,44.114,110.4,21.789,90.33740891,96.28,48.48,37.465,592.9048147,41.4125,118.5555,42.983,279.291815,2684.401353,7396.24062,19620.64913
503,521.3845,11.52,117.852,42.315,22.665,60.564,133.069,21.0615,81.816,264.5715,60.306,0,21.1185,559.6865,3697.591586,11019.13487,13822.69339
504,517.3529,13.8768,2342.330843,3592.061945,7945.55801,821.2255371,468.195543,6101.727321,1333.054345,23504.80919,5991.498934,8420.480586,442.0622128,8003.210197,21746.33496,24632.53671,40124.90937
505,503.3734,16.0842,946.1767302,0,88.889,1872.932179,2835.799767,217.054121,101.261,7943.1562,7807.003974,509.4163813,35.448,609.9401189,2532.61067,9665.47109,22138.50764
506,547.3621,19.3801,29.81,34.3,99.375,65.49,67.8006517,43.29,82.23449249,846.5786914,523.8365521,66.7,31.46,70.47,1894.721338,7560.189006,13795.28168
507,381.0568,9.2496,0,0,13.7565,219.586053,62.92098425,52.699,37.386,972.8579789,21.7035,0,27.203,179.66,1753.83611,5665.209949,13774.32543
508,521.3814,12.0223,81.1395,0,85.376,178.7705,69.8985,77.3445,141.5795,229.2083491,103.319,59.5875,71.58472333,611.1709201,3441.455687,7952.654466,12021.25856
509,351.1277,2.5055,261.5775,842.9277548,9.603,241.7515,273.3905,297.9480812,1584.283,0,7943.349281,961.1828232,1303.655478,539.6797903,385.9005626,490.3963654,17524.08882
510,515.3379,15.9119,5147.307187,25.1565,292.7792354,5779.445836,166.5865819,274.4570924,366.2207629,1728.030781,2452.010622,297.1538271,76.3180697,1113.872636,3075.35942,5477.889813,13893.26582
511,299.0536,7.9018,98.034,140.9045,253.8675,60.368,117.1195,96.45260864,28.4025,1200.955449,14.958,36.7785,35.0235,289.8381515,2480.806959,2596.5355,13795.40501
512,979.7257,15.3272,0,0,0,0,0,0,0,0,16.968,0,0,0,48.252,310.4795411,15825.71379
513,557.3494,17.5985,359.4759375,101.1411389,97.44,166.16,104.72,130.5,60.85316742,107.04,99.16,368.1229919,225.21,197.1197095,1169.106626,3980.437805,11730.87186
514,551.3564,14.5766,1413.426132,1877.80325,77.5155,153.798,210.0318909,70.776,100.323,203.9306236,189.997499,187.865,108.559,147.0657708,1470.385429,5491.414573,9587.973507
515,959.7364,18.4523,0,0,0,0,0,0,0,0,0,0,0,0,0,0,14547.61785
516,945.722,15.5565,0,0,0,0,0,0,0,135.4575,1288.890606,0,0,0,303.3225,2690.723713,15057.97098
517,361.1279,4.114,32.407,45.5079541,89.958,21.5625,2262.25691,210.3043689,2183.087051,445.5687853,321.7900085,1954.896513,1156.747479,1781.635817,4915.378339,3777.415875,18599.8613
518,539.3488,16.9441,115.21,88.20486145,86.67,253.821405,51.85,38.07,157.305,2686.610989,354.1837079,117,49.03,77.76,656.741665,913.0867261,13216.15244
519,563.3932,17.9571,0,0,27.89,162.3394989,67.62,53.46,21.3,642.0930621,81.9,81.73203262,33.84,1566.320558,5473.682476,2861.28,10057.99229
520,537.3777,12.3606,75.306,0,19.551,38.827,23.1265,19.692,131.294,589.4009307,213.2693135,143.292,35.7625,99.04588806,394.296,3618.340616,11830.55284
521,469.331,15.9473,4903.034606,20.2125,462.6238537,545.1834747,180.9785,214.51,287.9417816,824.9653381,3026.848752,183.048,79.482,669.6577588,4930.451993,4313.482747,9307.979967
522,475.3057,13.63,105.1615,107.965,22.17,84.6,246.342,52.346,124.956,1204.15717,100.254,52.33260605,132.2925113,242.620641,2981.974579,2548.242969,8083.801146
523,187.0939,5.7224,6078.545189,1839.021524,1478.367361,3564.542412,3871.26403,2661.458456,3406.671035,1800.642102,848.4244468,2557.230586,2892.026811,1832.943483,2945.997115,6509.78698,7178.458852
524,285.0375,6.8633,2343.989453,268.1510026,81.5265,135.9205032,139.0951671,179.581,677.3122168,119.9010302,306.237,187.265,208.2045,357.2675,2209.657766,2899.955621,7957.381163
525,383.3507,21.1508,9858.091074,285.87,134.98,299.625,569.1296658,220.22,1597.170303,344.0411829,66.33,155.775,61.425,191.72,7827.464912,4108.151411,10591.89129
526,112.9827,26.187,3573.074991,8912.932617,1620.954031,8745.177559,7445.36293,9032.398115,1773.789299,9342.170537,6258.111094,3274.538538,5942.684928,5453.67644,7826.048906,8063.064541,8182.596953
527,1005.745,17.4457,0,0,0,0,0,0,0,0,0,0,0,0,0,0,11277.94801
528,365.142,3.1297,806.1912778,984.3508942,41.865,1231.913827,1047.548768,7881.403439,4548.814362,33.594,8299.841398,9165.580011,3155.931769,1874.17099,2824.983693,7441.410591,4885.247924
529,501.3194,12.3025,629.0795464,0,80.07082471,1401.594867,78.94305322,383.157,265.1105,767.9780925,180.886,76.314,59.068,1029.318133,1298.973109,781.655,7527.294201
530,353.0474,2.6638,499.8314148,512.8582905,105.957,102.8164965,6246.777147,222.9983703,5814.507993,151.607798,134.789,2619.204987,474.0870834,4967.902116,2114.511987,9859.218702,6993.934594
531,209.064,0.8075,8010.618232,16028.29973,662.1801946,2782.293014,6406.884729,1994.106834,6588.415368,0,1531.541,2033.240638,4406.945663,2223.416815,2904.471261,8578.602773,7280.471648
